dlg	type	src_file	src_line
DStateWin	TDWindow	Source/Client/FState.pas	81
DBackground	TDWindow	Source/Client/FState.pas	82
DItemBag	TDWindow	Source/Client/FState.pas	83
DBottom	TDWindow	Source/Client/FState.pas	84
DMyState	TDButton	Source/Client/FState.pas	85
DMyBag	TDButton	Source/Client/FState.pas	86
DMyMagic	TDButton	Source/Client/FState.pas	87
DOption	TDButton	Source/Client/FState.pas	88
DGold	TDButton	Source/Client/FState.pas	89
DPrevState	TDButton	Source/Client/FState.pas	90
DRepairItem	TDButton	Source/Client/FState.pas	91
DCloseBag	TDButton	Source/Client/FState.pas	92
DCloseState	TDButton	Source/Client/FState.pas	93
DLogIn	TDWindow	Source/Client/FState.pas	94
DLoginNew	TDButton	Source/Client/FState.pas	95
DLoginOk	TDButton	Source/Client/FState.pas	96
DLoginClose	TDButton	Source/Client/FState.pas	97
DSelectChr	TDWindow	Source/Client/FState.pas	98
DscStart	TDButton	Source/Client/FState.pas	99
DscNewChr	TDButton	Source/Client/FState.pas	100
DscEraseChr	TDButton	Source/Client/FState.pas	101
DscExit	TDButton	Source/Client/FState.pas	102
DCreateChr	TDWindow	Source/Client/FState.pas	103
DccWarrior	TDButton	Source/Client/FState.pas	104
DccWizzard	TDButton	Source/Client/FState.pas	105
DccMonk	TDButton	Source/Client/FState.pas	106
DccReserved	TDButton	Source/Client/FState.pas	107
DccMale	TDButton	Source/Client/FState.pas	108
DccFemale	TDButton	Source/Client/FState.pas	109
DccLeftHair	TDButton	Source/Client/FState.pas	110
DccRightHair	TDButton	Source/Client/FState.pas	111
DccOk	TDButton	Source/Client/FState.pas	112
DccClose	TDButton	Source/Client/FState.pas	113
DItemGrid	TDGrid	Source/Client/FState.pas	114
DLoginChgPw	TDButton	Source/Client/FState.pas	115
DMsgDlg	TDWindow	Source/Client/FState.pas	116
DMsgDlgOk	TDButton	Source/Client/FState.pas	117
DMsgDlgYes	TDButton	Source/Client/FState.pas	118
DMsgDlgCancel	TDButton	Source/Client/FState.pas	119
DMsgDlgNo	TDButton	Source/Client/FState.pas	120
DNextState	TDButton	Source/Client/FState.pas	121
DSWNecklace	TDButton	Source/Client/FState.pas	122
DSWLight	TDButton	Source/Client/FState.pas	123
DSWArmRingR	TDButton	Source/Client/FState.pas	124
DSWArmRingL	TDButton	Source/Client/FState.pas	125
DSWRingR	TDButton	Source/Client/FState.pas	126
DSWRingL	TDButton	Source/Client/FState.pas	127
DSWWeapon	TDButton	Source/Client/FState.pas	128
DSWDress	TDButton	Source/Client/FState.pas	129
DSWHelmet	TDButton	Source/Client/FState.pas	130
DBelt1	TDButton	Source/Client/FState.pas	131
DBelt2	TDButton	Source/Client/FState.pas	132
DBelt3	TDButton	Source/Client/FState.pas	133
DBelt4	TDButton	Source/Client/FState.pas	134
DBelt5	TDButton	Source/Client/FState.pas	135
DBelt6	TDButton	Source/Client/FState.pas	136
DMerchantDlg	TDWindow	Source/Client/FState.pas	137
DMerchantDlgClose	TDButton	Source/Client/FState.pas	138
DMenuDlg	TDWindow	Source/Client/FState.pas	139
DMenuPrev	TDButton	Source/Client/FState.pas	140
DMenuNext	TDButton	Source/Client/FState.pas	141
DMenuBuy	TDButton	Source/Client/FState.pas	142
DMenuClose	TDButton	Source/Client/FState.pas	143
DSellDlg	TDWindow	Source/Client/FState.pas	144
DSellDlgOk	TDButton	Source/Client/FState.pas	145
DSellDlgClose	TDButton	Source/Client/FState.pas	146
DSellDlgSpot	TDButton	Source/Client/FState.pas	147
DStMag1	TDButton	Source/Client/FState.pas	148
DStMag2	TDButton	Source/Client/FState.pas	149
DStMag3	TDButton	Source/Client/FState.pas	150
DStMag4	TDButton	Source/Client/FState.pas	151
DStMag5	TDButton	Source/Client/FState.pas	152
DKeySelDlg	TDWindow	Source/Client/FState.pas	153
DKsIcon	TDButton	Source/Client/FState.pas	154
DKsF1	TDButton	Source/Client/FState.pas	155
DKsF2	TDButton	Source/Client/FState.pas	156
DKsF3	TDButton	Source/Client/FState.pas	157
DKsF4	TDButton	Source/Client/FState.pas	158
DKsNone	TDButton	Source/Client/FState.pas	159
DKsOk	TDButton	Source/Client/FState.pas	160
DBotGroup	TDButton	Source/Client/FState.pas	161
DBotTrade	TDButton	Source/Client/FState.pas	162
DBotMiniMap	TDButton	Source/Client/FState.pas	163
DGroupDlg	TDWindow	Source/Client/FState.pas	164
DGrpAllowGroup	TDButton	Source/Client/FState.pas	165
DGrpDlgClose	TDButton	Source/Client/FState.pas	166
DGrpCreate	TDButton	Source/Client/FState.pas	167
DGrpAddMem	TDButton	Source/Client/FState.pas	168
DGrpDelMem	TDButton	Source/Client/FState.pas	169
DBotLogout	TDButton	Source/Client/FState.pas	170
DBotExit	TDButton	Source/Client/FState.pas	171
DBotGuild	TDButton	Source/Client/FState.pas	172
DStPageUp	TDButton	Source/Client/FState.pas	173
DStPageDown	TDButton	Source/Client/FState.pas	174
DDealRemoteDlg	TDWindow	Source/Client/FState.pas	175
DDealDlg	TDWindow	Source/Client/FState.pas	176
DDRGrid	TDGrid	Source/Client/FState.pas	177
DDGrid	TDGrid	Source/Client/FState.pas	178
DDealOk	TDButton	Source/Client/FState.pas	179
DDealClose	TDButton	Source/Client/FState.pas	180
DDGold	TDButton	Source/Client/FState.pas	181
DDRGold	TDButton	Source/Client/FState.pas	182
DSelServerDlg	TDWindow	Source/Client/FState.pas	183
DSSrvClose	TDButton	Source/Client/FState.pas	184
DSServer1	TDButton	Source/Client/FState.pas	185
DSServer2	TDButton	Source/Client/FState.pas	186
DUserState1	TDWindow	Source/Client/FState.pas	187
DCloseUS1	TDButton	Source/Client/FState.pas	188
DWeaponUS1	TDButton	Source/Client/FState.pas	189
DHelmetUS1	TDButton	Source/Client/FState.pas	190
DNecklaceUS1	TDButton	Source/Client/FState.pas	191
DDressUS1	TDButton	Source/Client/FState.pas	192
DLightUS1	TDButton	Source/Client/FState.pas	193
DArmringRUS1	TDButton	Source/Client/FState.pas	194
DRingRUS1	TDButton	Source/Client/FState.pas	195
DArmringLUS1	TDButton	Source/Client/FState.pas	196
DRingLUS1	TDButton	Source/Client/FState.pas	197
DSServer3	TDButton	Source/Client/FState.pas	198
DSServer4	TDButton	Source/Client/FState.pas	199
DGuildDlg	TDWindow	Source/Client/FState.pas	200
DGDHome	TDButton	Source/Client/FState.pas	201
DGDList	TDButton	Source/Client/FState.pas	202
DGDChat	TDButton	Source/Client/FState.pas	203
DGDAddMem	TDButton	Source/Client/FState.pas	204
DGDDelMem	TDButton	Source/Client/FState.pas	205
DGDEditNotice	TDButton	Source/Client/FState.pas	206
DGDEditGrade	TDButton	Source/Client/FState.pas	207
DGDAlly	TDButton	Source/Client/FState.pas	208
DGDBreakAlly	TDButton	Source/Client/FState.pas	209
DGDWar	TDButton	Source/Client/FState.pas	210
DGDCancelWar	TDButton	Source/Client/FState.pas	211
DGDUp	TDButton	Source/Client/FState.pas	212
DGDDown	TDButton	Source/Client/FState.pas	213
DGDClose	TDButton	Source/Client/FState.pas	214
DGuildEditNotice	TDWindow	Source/Client/FState.pas	215
DGEClose	TDButton	Source/Client/FState.pas	216
DGEOk	TDButton	Source/Client/FState.pas	217
DSServer5	TDButton	Source/Client/FState.pas	218
DSServer6	TDButton	Source/Client/FState.pas	219
DAdjustAbility	TDWindow	Source/Client/FState.pas	220
DPlusDC	TDButton	Source/Client/FState.pas	221
DPlusMC	TDButton	Source/Client/FState.pas	222
DPlusSC	TDButton	Source/Client/FState.pas	223
DPlusAC	TDButton	Source/Client/FState.pas	224
DPlusMAC	TDButton	Source/Client/FState.pas	225
DPlusHP	TDButton	Source/Client/FState.pas	226
DPlusMP	TDButton	Source/Client/FState.pas	227
DPlusHit	TDButton	Source/Client/FState.pas	228
DPlusSpeed	TDButton	Source/Client/FState.pas	229
DMinusDC	TDButton	Source/Client/FState.pas	230
DMinusMC	TDButton	Source/Client/FState.pas	231
DMinusSC	TDButton	Source/Client/FState.pas	232
DMinusAC	TDButton	Source/Client/FState.pas	233
DMinusMAC	TDButton	Source/Client/FState.pas	234
DMinusMP	TDButton	Source/Client/FState.pas	235
DMinusHP	TDButton	Source/Client/FState.pas	236
DMinusHit	TDButton	Source/Client/FState.pas	237
DMinusSpeed	TDButton	Source/Client/FState.pas	238
DAdjustAbilClose	TDButton	Source/Client/FState.pas	239
DAdjustAbilOk	TDButton	Source/Client/FState.pas	240
DBotPlusAbil	TDButton	Source/Client/FState.pas	241
DKsF5	TDButton	Source/Client/FState.pas	242
DKsF6	TDButton	Source/Client/FState.pas	243
DKsF7	TDButton	Source/Client/FState.pas	244
DKsF8	TDButton	Source/Client/FState.pas	245
DEngServer1	TDButton	Source/Client/FState.pas	246
DSServer8	TDButton	Source/Client/FState.pas	247
DSServer7	TDButton	Source/Client/FState.pas	248
DSServer9	TDButton	Source/Client/FState.pas	249
DSServer10	TDButton	Source/Client/FState.pas	250
DSServer11	TDButton	Source/Client/FState.pas	251
DSServer12	TDButton	Source/Client/FState.pas	252
DSServer13	TDButton	Source/Client/FState.pas	253
DSServer14	TDButton	Source/Client/FState.pas	254
DSServer15	TDButton	Source/Client/FState.pas	255
DSServer16	TDButton	Source/Client/FState.pas	256
DSServer17	TDButton	Source/Client/FState.pas	257
DSServer18	TDButton	Source/Client/FState.pas	258
DSServer19	TDButton	Source/Client/FState.pas	259
DSServer20	TDButton	Source/Client/FState.pas	260
DSServer21	TDButton	Source/Client/FState.pas	261
DSServer22	TDButton	Source/Client/FState.pas	262
DSServer23	TDButton	Source/Client/FState.pas	263
DSServer24	TDButton	Source/Client/FState.pas	264
DSServer25	TDButton	Source/Client/FState.pas	265
DSServer26	TDButton	Source/Client/FState.pas	266
DSServer27	TDButton	Source/Client/FState.pas	267
DSServer28	TDButton	Source/Client/FState.pas	268
DSWBujuk	TDButton	Source/Client/FState.pas	269
DSWBelt	TDButton	Source/Client/FState.pas	270
DSWBoots	TDButton	Source/Client/FState.pas	271
DSWCharm	TDButton	Source/Client/FState.pas	272
DBujukUS1	TDButton	Source/Client/FState.pas	273
DBeltUS1	TDButton	Source/Client/FState.pas	274
DBootsUS1	TDButton	Source/Client/FState.pas	275
DCharmUS1	TDButton	Source/Client/FState.pas	276
DBotFriend	TDButton	Source/Client/FState.pas	277
DBotMemo	TDButton	Source/Client/FState.pas	278
DFriendDlg	TDWindow	Source/Client/FState.pas	279
DFrdClose	TDButton	Source/Client/FState.pas	280
DFrdPgUp	TDButton	Source/Client/FState.pas	281
DFrdPgDn	TDButton	Source/Client/FState.pas	282
DFrdFriend	TDButton	Source/Client/FState.pas	283
DFrdBlackList	TDButton	Source/Client/FState.pas	284
DFrdAdd	TDButton	Source/Client/FState.pas	285
DFrdDel	TDButton	Source/Client/FState.pas	286
DFrdMemo	TDButton	Source/Client/FState.pas	287
DFrdMail	TDButton	Source/Client/FState.pas	288
DFrdWhisper	TDButton	Source/Client/FState.pas	289
DMailListDlg	TDWindow	Source/Client/FState.pas	290
DMailDlg	TDWindow	Source/Client/FState.pas	291
DMailOK	TDButton	Source/Client/FState.pas	292
DMailClose	TDButton	Source/Client/FState.pas	293
DMailListClose	TDButton	Source/Client/FState.pas	294
DMailListPgUp	TDButton	Source/Client/FState.pas	295
DMailListPgDn	TDButton	Source/Client/FState.pas	296
DMLBlock	TDButton	Source/Client/FState.pas	297
DMLLock	TDButton	Source/Client/FState.pas	298
DMLDel	TDButton	Source/Client/FState.pas	299
DMLRead	TDButton	Source/Client/FState.pas	300
DMLReply	TDButton	Source/Client/FState.pas	301
DBlockListDlg	TDWindow	Source/Client/FState.pas	302
DBlockListClose	TDButton	Source/Client/FState.pas	303
DBLPgUp	TDButton	Source/Client/FState.pas	304
DBLPgDn	TDButton	Source/Client/FState.pas	305
DBLDel	TDButton	Source/Client/FState.pas	306
DBLAdd	TDButton	Source/Client/FState.pas	307
DMemo	TDWindow	Source/Client/FState.pas	308
DMemoClose	TDButton	Source/Client/FState.pas	309
DMemoB1	TDButton	Source/Client/FState.pas	310
DMemoB2	TDButton	Source/Client/FState.pas	311
DKsConF1	TDButton	Source/Client/FState.pas	312
DKsConF5	TDButton	Source/Client/FState.pas	313
DKsConF2	TDButton	Source/Client/FState.pas	314
DKsConF6	TDButton	Source/Client/FState.pas	315
DKsConF3	TDButton	Source/Client/FState.pas	316
DKsConF7	TDButton	Source/Client/FState.pas	317
DKsConF4	TDButton	Source/Client/FState.pas	318
DKsConF8	TDButton	Source/Client/FState.pas	319
DCountDlg	TDWindow	Source/Client/FState.pas	320
DMakeitemGrid	TDGrid	Source/Client/FState.pas	321
DMakeItemDlgOk	TDButton	Source/Client/FState.pas	322
DMakeItemDlgCancel	TDButton	Source/Client/FState.pas	323
DMakeItemDlgClose	TDButton	Source/Client/FState.pas	324
DMakeItemDlg	TDWindow	Source/Client/FState.pas	325
DCountDlgCancel	TDButton	Source/Client/FState.pas	326
DCountDlgClose	TDButton	Source/Client/FState.pas	327
DCountDlgMax	TDButton	Source/Client/FState.pas	328
DCountDlgOk	TDButton	Source/Client/FState.pas	329
DItemBuy	TDButton	Source/Client/FState.pas	330
DItemCancel	TDButton	Source/Client/FState.pas	331
DItemFind	TDButton	Source/Client/FState.pas	332
DItemMarketClose	TDButton	Source/Client/FState.pas	333
DItemSellCancel	TDButton	Source/Client/FState.pas	334
DItemListPrev	TDButton	Source/Client/FState.pas	335
DItemListRefresh	TDButton	Source/Client/FState.pas	336
DItemListNext	TDButton	Source/Client/FState.pas	337
DMGold	TDButton	Source/Client/FState.pas	338
DItemMarketDlg	TDWindow	Source/Client/FState.pas	339
DJangwonListDlg	TDWindow	Source/Client/FState.pas	340
DJangwonClose	TDButton	Source/Client/FState.pas	341
DJangListNext	TDButton	Source/Client/FState.pas	342
DJangMemo	TDButton	Source/Client/FState.pas	343
DJangListPrev	TDButton	Source/Client/FState.pas	344
DDealJangwon	TDWindow	Source/Client/FState.pas	345
DGABoardListDlg	TDWindow	Source/Client/FState.pas	346
DGABoardListClose	TDButton	Source/Client/FState.pas	347
DGABoardListNext	TDButton	Source/Client/FState.pas	348
DGABoardListRefresh	TDButton	Source/Client/FState.pas	349
DGABoardListPrev	TDButton	Source/Client/FState.pas	350
DGABoardDlg	TDWindow	Source/Client/FState.pas	351
DGABoardClose	TDButton	Source/Client/FState.pas	352
DGABoardCancel	TDButton	Source/Client/FState.pas	353
DGABoardOk2	TDButton	Source/Client/FState.pas	354
DGABoardReply	TDButton	Source/Client/FState.pas	355
DGABoardOk	TDButton	Source/Client/FState.pas	356
DGABoardWrite	TDButton	Source/Client/FState.pas	357
DGABoardNotice	TDButton	Source/Client/FState.pas	358
DGABoardDel	TDButton	Source/Client/FState.pas	359
DGABoardMemo	TDButton	Source/Client/FState.pas	360
DGADecorateDlg	TDWindow	Source/Client/FState.pas	361
DGADecorateListNext	TDButton	Source/Client/FState.pas	362
DGADecorateListPrev	TDButton	Source/Client/FState.pas	363
DGADecorateBuy	TDButton	Source/Client/FState.pas	364
DGADecorateCancel	TDButton	Source/Client/FState.pas	365
DGADecorateClose	TDButton	Source/Client/FState.pas	366
DMasterDlg	TDWindow	Source/Client/FState.pas	367
DLover1	TDButton	Source/Client/FState.pas	368
DLover2	TDButton	Source/Client/FState.pas	369
DLover3	TDButton	Source/Client/FState.pas	370
DMasterClose	TDButton	Source/Client/FState.pas	371
DMaster3	TDButton	Source/Client/FState.pas	372
DMaster2	TDButton	Source/Client/FState.pas	373
DMaster1	TDButton	Source/Client/FState.pas	374
DBotMaster	TDButton	Source/Client/FState.pas	375
DHeartImg	TDButton	Source/Client/FState.pas	376
DHeartImgUS	TDButton	Source/Client/FState.pas	377
DMarketMemo	TDButton	Source/Client/FState.pas	378
DMainOption	TDWindow	Source/Client/FState.pas	379
DSkillMode1	TDButton	Source/Client/FState.pas	380
DSkillBarOn	TDButton	Source/Client/FState.pas	381
DEffectOn	TDButton	Source/Client/FState.pas	382
DSoundOn	TDButton	Source/Client/FState.pas	383
DSkillMode2	TDButton	Source/Client/FState.pas	384
DSkillBarOff	TDButton	Source/Client/FState.pas	385
DEffectOff	TDButton	Source/Client/FState.pas	386
DSoundOff	TDButton	Source/Client/FState.pas	387
DMainOptionClose	TDButton	Source/Client/FState.pas	388
DChGroup	TDButton	Source/Client/FState.pas	389
DChFriend	TDButton	Source/Client/FState.pas	390
DChMemo	TDButton	Source/Client/FState.pas	391
DBeltWin	TDWindow	Source/Client/FState.pas	392
DCloseBelt	TDButton	Source/Client/FState.pas	393
DTurnBelt	TDButton	Source/Client/FState.pas	394
DSellDlgStHold	TDButton	Source/Client/FState.pas	395
DSellDlgBtnHold	TDButton	Source/Client/FState.pas	396
DDropViewOn	TDButton	Source/Client/FState.pas	397
DDropViewOff	TDButton	Source/Client/FState.pas	398
DChat	TDWindow	Source/Client/FState.pas	399
DMiniMapDlg	TDWindow	Source/Client/FState.pas	400
DMiniMapShow	TDButton	Source/Client/FState.pas	401
DMiniMapBlend	TDButton	Source/Client/FState.pas	402
DBotBelt	TDButton	Source/Client/FState.pas	403
DBotSkillBar	TDButton	Source/Client/FState.pas	404
DMagicWnd	TDWindow	Source/Client/FState.pas	405
DCloseMagic	TDButton	Source/Client/FState.pas	406
DMagicType0	TDButton	Source/Client/FState.pas	407
DMagicType1	TDButton	Source/Client/FState.pas	408
DMagicType2	TDButton	Source/Client/FState.pas	409
DMagicType3	TDButton	Source/Client/FState.pas	410
DMagicType4	TDButton	Source/Client/FState.pas	411
DMagicType5	TDButton	Source/Client/FState.pas	412
DMagicType6	TDButton	Source/Client/FState.pas	413
DMagicType7	TDButton	Source/Client/FState.pas	414
DMagicWndScrollBar	TDButton	Source/Client/FState.pas	415
DChatMode	TDButton	Source/Client/FState.pas	416
DChatSet1	TDButton	Source/Client/FState.pas	417
DChatSet2	TDButton	Source/Client/FState.pas	418
DChatSet3	TDButton	Source/Client/FState.pas	419
DChatSet4	TDButton	Source/Client/FState.pas	420
DChatSet5	TDButton	Source/Client/FState.pas	421
DChatSet6	TDButton	Source/Client/FState.pas	422
DChatScrlChat	TDButton	Source/Client/FState.pas	423
DChatSet7	TDButton	Source/Client/FState.pas	424
DShowMap	TDButton	Source/Client/FState.pas	425
DInventoryWnd	TDWindow	Source/Client/FState.pas	426
DlgTemp	TList	Source/Client/FState.pas	982
DScreen	TDrawScreen	Source/Client/ClMain.pas	440
DropedItemList	TList	Source/Client/ClMain.pas	447
DealDlgItem	TClientItem	Source/Client/ClMain.pas	527
DelTempItem	TClientItem	Source/Client/ClMain.pas	551
DI	TD3DAdapterIdentifier8	Source/Client/ClMain.pas	1864
