area	rel_path	lines	bytes	status	note
E-tools	Source/Tools/MapEdit/About.pas	33	503	covered	Round 861 full 1–33 (CP949); MapEdit.dpr includes/auto-creates Form1; DFM binds OK to close; active About menu is ShellAbout, custom Form1.ShowModal commented/no active display call found; no Delphi/runtime/EI comparison
E-tools	Source/Tools/MapEdit/DoorDlg.pas	52	1114	covered	Round 862 full read (CP949); high-bit checkbox/lower-seven-bit index and raw offset, mrOk-only mutation; active mdDoor menu→map-click→UpdateDoor caller; cancel still sets Edited after call; DFM parser failed, no Delphi/runtime/EI comparison
E-tools	Source/Tools/MapEdit/EdMain.pas	3283	105534	covered	Round 863 full read (CP949); main form/event/render/edit and undo paths traced; main map load/save + segment .sem bodies are commented and return false/no persistence; MArr is TTileInfo[] but accessed as TMapInfo; DFM parser EOF IndexError, no Delphi/runtime/EI comparison
E-tools	Source/Tools/MapEdit/FObj.pas	114	2612	covered	Round 864 full read (CP949); DFM binds grid draw/click and 70-entry dropdown; only EdMain.DrawObject calls GetCurrentIndex; indices 40–69 fall through EdMain.ObjWil to WilArr[0], row-count/runtime/EI behavior unverified
E-tools	Source/Tools/MapEdit/FScrlXY.pas	47	761	covered	Round 865 full read (CP949); DFM event/DPR auto-creation and MapScroll1Click caller traced; blank/unparsable input defaults to zero and zero shifts clear final column/row; handler has no modal-result guard or Edited assignment; no Delphi/runtime/EI comparison
E-tools	Source/Tools/MapEdit/HUtil32.pas	2682	63476	covered	Round 866 full read (CP949); string/token, numeric, bit/color, file/memory and GDI helpers; empty BoolToCStr/Str_Catch and fixed-buffer parsers; 17 MapEdit imports but DPR explicitly maps HUtil32 to Common/HUtil32.pas; no local-copy build/EI equivalence
E-tools	Source/Tools/MapEdit/ImgMan.pas	557	15852	covered	Round 867 full read (CP949; source-reader reports 557 lines vs stale 550-line entry); no external import/caller found; screen/login/buffer/monster managers, declaration mismatches, malformed GetImage and lazy-cache offset/init/cleanup issues; no Delphi/runtime/EI comparison
E-tools	Source/Tools/MapEdit/MapEdit.dpr	43	1489	covered	Round 868 full read (CP949); lists 17 project units plus Forms; HUtil32/DES explicitly resolve under Common and WIL under Wil; creates TFrmMain then 13 further forms before Application.Run; ImgMan omitted; no Delphi/runtime/EI comparison
E-tools	Source/Tools/MapEdit/MapSize.pas	52	954	covered	Round 869 full read (CP949); mrOk-only dimensions default 20/fallback 1; New clears MArr/undo via NewMap, Resize updates dimensions/canvas without data snapshot or Edited; DFM bounds unavailable; no Delphi/runtime/EI comparison
E-tools	Source/Tools/MapEdit/MoveObj.pas	96	2045	covered	Round 870 full read (CP949); modeless CellMove tool, offset guard admits negative y; source clears bypass undo and final-row destination is rejected; clear-only button changes untracked; no Delphi/runtime/EI comparison
E-tools	Source/Tools/MapEdit/ObjEdit.pas	1018	26715	covered	Round 871 full read (CP949+mixed); modal piece-set editor clones TPieceInfo records; region append-row path can target last set after PasteSet leaves RowCount stale; shifts bypass undo; temporary/editor record cleanup gaps; visible Button1 handler commented out; DFM parser incomplete; no Delphi/runtime/EI comparison
E-tools	Source/Tools/MapEdit/ObjSet.pas	484	12562	covered	Round 872 full read (CP949); modeless set manager and legacy/new mir.set parsing; PasteSet omits RowCount update, nil slots break ClearSet and save/load ignores indices; modal editor replacement only on OK; no Delphi/runtime/EI comparison
E-tools	Source/Tools/MapEdit/SmTile.pas	155	4251	covered	Round 873 full read (CP949); auto 60-frame group and five-column frame modes, row-count/selectability boundaries, ObjEdit/map-paint callers; combo population commented and WilSmTileArr declaration unresolved in Source search; mixed DFM partial; no Delphi/runtime/EI comparison
E-tools	Source/Tools/MapEdit/Tile.pas	163	4500	covered	Round 874 full read (CP949); 50-frame auto-group and five-column image modes, auto/fill map callers and ObjEdit background pieces; final partial-group preview indices unchecked, individual remainder row omitted; combo population commented and WilTileArr declaration not found in Source search; mixed DFM partial; no Delphi/runtime/EI comparison
E-tools	Source/Tools/MapEdit/glight.pas	42	761	covered	Round 875 full 1–42 (CP949); DPR includes/auto-creates the dialog; `GetValue` ignores `ShowModal` result and parses SpinEdit text with fallback 0; light-brush left-click adds/replaces while Alt-left updates only positive existing values; caller always sets `Edited`; DFM parser fails at EOF and scalar SpinEdit bounds remain unknown; no Delphi/runtime/EI comparison
E-tools	Source/Tools/MapEdit/mpalett.pas	160	3972	covered	Round 876 full 1–160 (CP949); 3-column grouped background tile palette draws UNITBLOCK samples, F1 toggles Tile.Atr marks; expansion can add an AttrList sentinel and does not shrink long lists; loads relative to CWD, saves to EdMain BaseDir; DPR creates it but only EdMain setup/show calls are commented, and TileAttrib painter branch is commented; mixed DFM yields unknown grid type; no Delphi/runtime/EI comparison
E-tools	Source/Tools/MapEdit/o_WIL.pas	661	19961	covered	Round 877 full read 1–661 (CP949); stand-alone TWMImages has BMP/full-memory/WIX-cache modes and legacy drawing helpers; MapEdit.dpr selects Wil/WIL.pas (TWMImages=TWMBaseImages), with no o_WIL caller/data-file binding found; WIX read/index bounds unchecked and leaks one unused record/entry; cache memory cap commented out, destructor omits arrays and Finalize assumes ImgArr; selected getters swallow exceptions; TWM header/info/index types not declared/imported in this unit's uses; no Delphi build/runtime/EI comparison
E-tools	Source/Tools/MapEdit/segunit.pas	245	5841	covered	Round 878 full 1–245 (CP949); DPR includes/auto-creates `TFrmSegment`; DFM mixed with unknown grid type 0x12; `.mp` project record stores ID/grid counts only, generated cells become `.sem` names; `LoadFromFile` guards with the form `Handle` instead of file `fhandle`, ignores read count; `BtnOpen` ignores load result and sets project path; EdMain `.sem` LoadSegment/SaveSegment bodies fully commented, but caller resets 120×120 canvas and clears Edited after no-op saving; menu Show is commented and no active form show path found; no Delphi/runtime/EI comparison
E-tools	Source/Tools/MapEdit/Wil/WIL.pas	551	15597	covered	Round 879 full read 1–551 (gb18030+mixed); DPR selects WIL and EdMain creates 70 relative `WilArr` paths as t_wmMyImage/ltLoadBmp with .wil→M3Def fallback; base Initialize opens stream, subclasses parse; factory supports MyImage/M3Def only; ltUseCache delegates virtual LoadDxImage, but M3Def inherits the base no-op; AutoFreeMemorys defaults false, exceptions mark cached entries boNotRead; DrawZoom/Bitmap/write methods conditional on WORKFILE (no local define/build config verified); DrawZoom frees decoded bitmap; no Delphi/runtime/EI comparison
E-tools	Source/Tools/MapEdit/Wil/wmM3Def.pas	457	14519	covered	Round 880 full read 1–457 (CP949); project-selected `TWMM3DefImages` is the `.wil` fallback after failed MyImage `.Lib` initialization; header + sibling `.WIX` index choose legacy/new offsets; active token decoder copies `$C1/$C2/$C3` words and skips `$C0` runs without bounds checks; bitmap path maps zero words to default fuchsia, texture path maps zero to alpha 0; WIX `FileOpen` handle leak and mapping/allocation error path can report success then use uninitialized offsets; header/index reads unchecked, decode-buffer exception cleanup incomplete; `CopyDataToTexture` has no MapEdit caller found; M3Def inherits base no-op `LoadDxImage`, `ltLoadBmp` fallback path avoids cache; no Delphi/runtime/malformed-file/EI comparison
E-tools	Source/Tools/MapEdit/Wil/wmM3Zip.pas	217	6608	covered	Round 881 full read 1–217 (CP949); source-reader search found no MapEdit references outside this unit and no `TWMM3ZipImages` factory/caller (`CreateWMImages` covers only MyImage/M3Def); initializer reads WIL header + sibling `.Idx` but does not validate header reads or reconcile `ImageCount`; `LoadIndex` has no status and `InitializeTexture` result is ignored; cache-only `LoadDxImage` strips six bytes before `DecompressBuf` and never validates `nOutLen`; lengths 1–5 still request a six-byte read into a shorter allocation; index count over MAXIMAGECOUNT exits before FileClose; `.Idx` header read and offset values unvalidated; texture conversion maps zero words to alpha 0 but indexes rows by width rather than pitch; output-buffer cleanup is not exception-safe; `KorZIPDecompress` and `LineR5G6B5_A8R8G8B8` have no active callers; no Delphi/runtime/decompression/texture or EI decoder comparison (README D9 records the static EI file-layout cross-check)
E-tools	Source/Tools/MapEdit/Wil/wmMyImage.pas	739	25737	covered	Round 882 full read 1–739 (GB18030); `CreateWMImages` returns `TWMMyImageImages` for EdMain's initial `.Lib` paths and failed initialization can fall back to sibling `.wil`/M3Def; `ltLoadBmp` uses WORKFILE-conditional bitmap getter, while `LoadDxImage` serves cache path; project build define unresolved; encrypted marker sets FCanEncry only with nonempty password, but DecryBuffer consumes eight bytes starting at the seven-byte `sEnStr` field; FormatImageInfo crypto guard requires empty password, FormatDataBuffer transforms first 128 bytes only when size>=128; compressed index size capped at 50 MiB but image count/uncompressed size and offsets lack file-bound validation; reads/writes often unchecked; SaveIndexList compresses an uninitialized 40-byte prefix skipped by LoadIndex; R5G6B5 transparent sentinel 63519 maps to g_OutBackColor bitmap or alpha-zero ARGB; tight/pitched texture paths use width-based addressing; WORKFILE edit/texture APIs have no MapEdit caller found; no Delphi/runtime/Lib fixture/password/edit/EI comparison
E-tools	Source/Tools/MapEdit/Wil/wmUtil.pas	4497	489745	covered	Round 883 full read 1–4497 (GB18030); large precomputed X8→A1R5G5B5 (256 entries) and R5G6B5→A1R5G5B5 (65,536 entries) tables feed count loops without nonpositive-count guards; 32-bit x86 custom Move supports byte/word/qword copy paths and overlap direction, Line32Move multiplies count by 4; 1024-byte palette initializes PotoPalette; ZIP wrappers use zlib but suppress in-try errors, set output nil and retain Result length; MapEdit.dpr selects Wil/WIL.pas, whose ZIP functions are separate; within MapEdit, only o_WIL imports wmUtil and that unit is not selected; no caller of table/palette helpers in selected path; Source/Client/wmUtil.pas is a separate same-named unit and was not compared; no Delphi build/runtime/pixel/EI comparison
E-tools	Source/Tools/ImageEditor/DES.pas	563	16633	covered	Round 850 full 1–563 (CP949); 16-round DES core and string/hex/buffer contracts; ImageEditor buffer callers in wmMyImage cover marker and gated first-128-byte payload path; sibling copies not equated
E-tools	Source/Tools/ImageEditor/DLLFile.pas	4977	519550	covered	Round 851 full 1–4977 (CP949); 98,872-byte I386 BASS 2.4.3 PE array plus unit-init/finalization loader calls; no external DLLFile/BassDLL source reference found; loader return ignored
E-tools	Source/Tools/ImageEditor/DLLLoader.pas	1134	36886	covered	Round 852 full 1–1134 (CP949); PE32/I386 mapping, imports/relocations/entrypoint/export APIs; unchecked stage results, partial-load cleanup, ordinal-forwarder and Unload return defects; no external consumer found
E-tools	Source/Tools/ImageEditor/DropGroupPas.pas	114	2662	covered	Round 853 full 1–114 (CP949); WM_DROPFILES populates exposed TStringList and invokes callback; deactivation passes HWND to DragFinish, message HDROP is not released; FrmAlpha imports unit but has no instance/handler
E-tools	Source/Tools/ImageEditor/FrmAdd.pas	1149	41794	covered	Round 849 full 1–1149; writable TWMMyImage image/offset import, BMP/PNG/TGA conversion, insert/append/replace and index updates; explicit-file sidecar path and 6-vs-16 grid-count mismatch are static-only
E-tools	Source/Tools/ImageEditor/FrmAlpha.pas	420	12856	covered	Round 849 full 1–420; active WIL→Lib dialog converts TWMM3DefImages entries into TWMMyImageImages; indexed R5G6B5 encoding and batch/single paths; no execution
E-tools	Source/Tools/ImageEditor/FrmDel.pas	111	3208	covered	Round 849 full 1–111; writable TWMMyImage delete range removes bytes and updates index; refresh uses ImageCount div 6 despite main's 16 columns; static-only
E-tools	Source/Tools/ImageEditor/FrmMain.pas	1285	43419	covered	Round 849 full 1–1285; `.wil`/`.Lib` class dispatch, DX9 grid/render, 16 columns and 1920×1080 target, dialog routes; text DFM 1–1752 read by source-reader after TPF0 parser rejection; inline converter commented, FSaveDir has no assignment found
E-tools	Source/Tools/ImageEditor/FrmOut.pas	325	10788	covered	Round 849 full 1–325; indexed image export and coordinate sidecar; Out_Clear recursively deletes chosen directory before index-range validation; static-only
E-tools	Source/Tools/ImageEditor/HUtil32.pas	2682	63476	covered	Round 854 full 1–2682 (CP949); traced root-level unit callsites in FrmAdd, FrmMain, FrmAlpha, WIL, wmM3Def, wmMyImage, and FrmOut; token/file-name, zero-fill and bitmap-mask contracts; static defects in uncalled helpers; Common/HUtil32 kept separate; unit resolution not build-verified
E-tools	Source/Tools/ImageEditor/ImageEditor.dpr	26	710	covered	Round 849 full 1–26; application startup and main/add/delete/export/conversion form creation order
E-tools	Source/Tools/ImageEditor/MyCommon.pas	526	19429	covered	Round 855 full 1–526 (CP949); FrmMain.FormCreate calls GetFileVersion for ParamStr(0) then appends sVersion, result ignored; FrmMain.dfm:16 binds OnCreate; ZShare holds version record; other date/process/CPUID/IDE/version-resource helpers have no external caller found; runtime not verified
E-tools	Source/Tools/ImageEditor/MyD3DX9.pas	11277	453687	covered	Round 856 full 1–11277 (CP949); D3DX9 Pascal bindings with external stdcall DLL/COM declarations and local math/value helper implementations; configured monolithic alias d3dx9_31.dll (SDK 31); root imports only in FrmAdd (API example commented) and FrmOut (texture export to BMP/PNG/TGA/DDS, HRESULT ignored); nested Plug/MyDirect9/include copy stays separately excluded; DCC32 configured, but unit resolution/link/runtime not verified
E-tools	Source/Tools/ImageEditor/WIL.pas	523	14765	covered	Round 857 full 1–523 (CP949+mixed); traced root factory/cache/texture/zlib contracts and ImageEditor callers; supporting subclass/form excerpts only, separate MapEdit/Client WIL copies unreconciled; static decoder/index edge cases; no EI comparison or Delphi/runtime verification
E-tools	Source/Tools/ImageEditor/ZShare.pas	442	12158	covered	Round 858 full 1–442 (CP949); traced ImageEditor.dpr plus seven importing units/callers; shared globals, initialization and empty finalization; active PNG, folder-picker/search and mapped-file edit callsites; uncalled root color/run-count helpers distinguished from GraphicCompression copies; static ownership/API-result edges only, no Delphi/runtime/EI comparison
E-tools	Source/Tools/ImageEditor/wmM3Def.pas	460	14541	covered	Round 859 full 1–460 (CP949); root unit explicit in ImageEditor.dpr/.dproj; traced WIL header, WIX signature/count/24-or-28-byte offsets, active vs commented decoder, bitmap/direct-texture consumers and lifecycle; static unclosed FileOpen, unchecked mapped-header/table bounds and uninitialized offset pointer; sibling MapEdit/Client units unreconciled; no Delphi/runtime/EI comparison
E-tools	Source/Tools/ImageEditor/wmMyImage.pas	745	25784	covered	Round 860 full 1–745 (GB18030); root WIL factory/type and DCC32 WORKFILE project path traced; packed header/password gates, metadata and optional payload transforms, 40-byte compressed-index prefix plus raw offset-list path, bitmap/direct-texture conversions and MyImage write/edit callers documented; static nil decompression, unchecked bounds/I/O and pitch/row-stride risks; MapEdit/Client copies unreconciled; no Delphi/runtime/EI comparison
E-tools	Source/Tools/ImageEditor/Plug/MyDirect9/MyDXBase.pas	975	27989	excluded	第三方组件（GraphicEx/MyDirect9/pngimage/DelphiZlib）
E-tools	Source/Tools/ImageEditor/Plug/MyDirect9/MyDXTypes.pas	174	6517	excluded	第三方组件（GraphicEx/MyDirect9/pngimage/DelphiZlib）
E-tools	Source/Tools/ImageEditor/Plug/MyDirect9/MyDXWave.pas	727	16812	excluded	第三方组件（GraphicEx/MyDirect9/pngimage/DelphiZlib）
E-tools	Source/Tools/ImageEditor/Plug/MyDirect9/MyDirect3D9.pas	5615	239409	excluded	第三方组件（GraphicEx/MyDirect9/pngimage/DelphiZlib）
E-tools	Source/Tools/ImageEditor/Plug/MyDirect9/MyDirectInput.pas	6529	326870	excluded	第三方组件（GraphicEx/MyDirect9/pngimage/DelphiZlib）
E-tools	Source/Tools/ImageEditor/Plug/MyDirect9/MyDirectSound.pas	2224	95990	excluded	第三方组件（GraphicEx/MyDirect9/pngimage/DelphiZlib）
E-tools	Source/Tools/ImageEditor/Plug/MyDirect9/TDX9Canvas.pas	1768	54342	excluded	第三方组件（GraphicEx/MyDirect9/pngimage/DelphiZlib）
E-tools	Source/Tools/ImageEditor/Plug/MyDirect9/TDX9Devices.pas	553	16124	excluded	第三方组件（GraphicEx/MyDirect9/pngimage/DelphiZlib）
E-tools	Source/Tools/ImageEditor/Plug/MyDirect9/TDX9Fonts.pas	261	7457	excluded	第三方组件（GraphicEx/MyDirect9/pngimage/DelphiZlib）
E-tools	Source/Tools/ImageEditor/Plug/MyDirect9/TDX9Textures.pas	1400	38804	excluded	第三方组件（GraphicEx/MyDirect9/pngimage/DelphiZlib）
E-tools	Source/Tools/ImageEditor/Plug/MyDirect9/include/MyD3DX9.pas	11277	453687	excluded	第三方组件（GraphicEx/MyDirect9/pngimage/DelphiZlib）
E-tools	Source/Tools/ImageEditor/Plug/pngimage/pngextra.pas	322	9124	excluded	第三方组件（GraphicEx/MyDirect9/pngimage/DelphiZlib）
E-tools	Source/Tools/ImageEditor/Plug/pngimage/pngimage.pas	5301	170045	excluded	第三方组件（GraphicEx/MyDirect9/pngimage/DelphiZlib）
E-tools	Source/Tools/ImageEditor/Plug/pngimage/pnglang.pas	301	18490	excluded	第三方组件（GraphicEx/MyDirect9/pngimage/DelphiZlib）
E-tools	Source/Tools/ImageEditor/Plug/pngimage/pnglib.pas	1080	35122	excluded	第三方组件（GraphicEx/MyDirect9/pngimage/DelphiZlib）
E-tools	Source/Tools/ImageEditor/Plug/DelphiZlib/ZLibEx.pas	2234	74685	excluded	第三方组件（GraphicEx/MyDirect9/pngimage/DelphiZlib）
E-tools	Source/Tools/ImageEditor/Plug/DelphiZlib/ZLibExApi.pas	338	13725	excluded	第三方组件（GraphicEx/MyDirect9/pngimage/DelphiZlib）
E-tools	Source/Tools/ImageEditor/Plug/DelphiZlib/ZLibExGZ.pas	1260	37729	excluded	第三方组件（GraphicEx/MyDirect9/pngimage/DelphiZlib）
E-tools	Source/Tools/ImageEditor/Plug/DelphiZlib/zlib/adler32.c	179	5147	excluded	第三方组件（GraphicEx/MyDirect9/pngimage/DelphiZlib）
E-tools	Source/Tools/ImageEditor/Plug/DelphiZlib/zlib/compress.c	80	2529	excluded	第三方组件（GraphicEx/MyDirect9/pngimage/DelphiZlib）
E-tools	Source/Tools/ImageEditor/Plug/DelphiZlib/zlib/crc32.c	425	13599	excluded	第三方组件（GraphicEx/MyDirect9/pngimage/DelphiZlib）
E-tools	Source/Tools/ImageEditor/Plug/DelphiZlib/zlib/crc32.h	441	31003	excluded	第三方组件（GraphicEx/MyDirect9/pngimage/DelphiZlib）
E-tools	Source/Tools/ImageEditor/Plug/DelphiZlib/zlib/deflate.c	1967	71476	excluded	第三方组件（GraphicEx/MyDirect9/pngimage/DelphiZlib）
E-tools	Source/Tools/ImageEditor/Plug/DelphiZlib/zlib/deflate.h	346	12774	excluded	第三方组件（GraphicEx/MyDirect9/pngimage/DelphiZlib）
E-tools	Source/Tools/ImageEditor/Plug/DelphiZlib/zlib/infback.c	640	22709	excluded	第三方组件（GraphicEx/MyDirect9/pngimage/DelphiZlib）
E-tools	Source/Tools/ImageEditor/Plug/DelphiZlib/zlib/inffast.c	340	13455	excluded	第三方组件（GraphicEx/MyDirect9/pngimage/DelphiZlib）
E-tools	Source/Tools/ImageEditor/Plug/DelphiZlib/zlib/inffast.h	11	438	excluded	第三方组件（GraphicEx/MyDirect9/pngimage/DelphiZlib）
E-tools	Source/Tools/ImageEditor/Plug/DelphiZlib/zlib/inffixed.h	94	6426	excluded	第三方组件（GraphicEx/MyDirect9/pngimage/DelphiZlib）
E-tools	Source/Tools/ImageEditor/Plug/DelphiZlib/zlib/inflate.c	1512	53512	excluded	第三方组件（GraphicEx/MyDirect9/pngimage/DelphiZlib）
E-tools	Source/Tools/ImageEditor/Plug/DelphiZlib/zlib/inflate.h	122	6521	excluded	第三方组件（GraphicEx/MyDirect9/pngimage/DelphiZlib）
E-tools	Source/Tools/ImageEditor/Plug/DelphiZlib/zlib/inftrees.c	306	13028	excluded	第三方组件（GraphicEx/MyDirect9/pngimage/DelphiZlib）
E-tools	Source/Tools/ImageEditor/Plug/DelphiZlib/zlib/inftrees.h	62	2990	excluded	第三方组件（GraphicEx/MyDirect9/pngimage/DelphiZlib）
E-tools	Source/Tools/ImageEditor/Plug/DelphiZlib/zlib/trees.c	1226	44255	excluded	第三方组件（GraphicEx/MyDirect9/pngimage/DelphiZlib）
E-tools	Source/Tools/ImageEditor/Plug/DelphiZlib/zlib/trees.h	128	8600	excluded	第三方组件（GraphicEx/MyDirect9/pngimage/DelphiZlib）
E-tools	Source/Tools/ImageEditor/Plug/DelphiZlib/zlib/zconf.h	511	15508	excluded	第三方组件（GraphicEx/MyDirect9/pngimage/DelphiZlib）
E-tools	Source/Tools/ImageEditor/Plug/DelphiZlib/zlib/zlib.h	1768	87883	excluded	第三方组件（GraphicEx/MyDirect9/pngimage/DelphiZlib）
E-tools	Source/Tools/ImageEditor/Plug/DelphiZlib/zlib/zutil.c	324	7414	excluded	第三方组件（GraphicEx/MyDirect9/pngimage/DelphiZlib）
E-tools	Source/Tools/ImageEditor/Plug/DelphiZlib/zlib/zutil.h	253	6766	excluded	第三方组件（GraphicEx/MyDirect9/pngimage/DelphiZlib）
E-tools	Source/Tools/ImageEditor/Plug/GraphicEx/GraphicCompression.pas	949	26749	excluded	第三方组件（GraphicEx/MyDirect9/pngimage/DelphiZlib）
E-tools	Source/Tools/ImageEditor/Plug/GraphicEx/GraphicEx.pas	4950	170566	excluded	第三方组件（GraphicEx/MyDirect9/pngimage/DelphiZlib）
E-tools	Source/Tools/ImageEditor/Plug/GraphicEx/Image32.pas	719	20670	excluded	第三方组件（GraphicEx/MyDirect9/pngimage/DelphiZlib）
E-tools	Source/Tools/ImageEditor/Plug/GraphicEx/MaskFont.pas	467	12508	excluded	第三方组件（GraphicEx/MyDirect9/pngimage/DelphiZlib）
E-tools	Source/Tools/ImageEditor/Plug/GraphicEx/Trace.pas	71	1617	excluded	第三方组件（GraphicEx/MyDirect9/pngimage/DelphiZlib）
E-tools	Source/Tools/ImageEditor/Common/DES.pas	563	16633	covered	Round 884 full read 1–563 (CP949); DES permutation/S-box core and 16 subkeys; key strings copy at most eight positions to bytes and NUL-fill short keys; string encryption NUL-pads and string decryption drops trailing NULs; hex decoding ignores an odd final nibble and rejects nonhex; EncryBuffer adds a full block on aligned input, DecryBuffer processes complete blocks and both stop at destination capacity without reporting bytes written; ImageEditor wmMyImage uses unqualified DES, but no explicit Common path binding exists and root DES also declares unit DES, so compiler selection is unverified; metadata buffer calls are behind FCanEncry plus an empty-password test, while initialization sets FCanEncry only for nonempty password; separate MapEdit-selected Source/Common/DES.pas not equated; no build/runtime/EI comparison
E-tools	Source/Tools/ImageEditor/Common/EDCode.pas	464	15569	covered	Round 885 full read 1–464 (CP949); active encoder/decoder packs 8-bit values into six-bit characters and applies position/public-key-byte XORs; the four 256-byte substitution tables are unused by active code; invalid decoder chars reset output position; DecodeMessage copies a full TDefaultMessage without decoded-length or Etc validation, DecodeBuffer copies caller bufsize regardless of decoded length; EncodeBuffer rejects sizes >= BUFFERSIZE=10000 but encoded expansion/tail terminator are not capacity-safe; 10,100-byte shared buffers are allocated at init and their frees are commented out; ImageEditor-scoped search found no importer or external EDcode caller, and ImageEditor.dpr does not include it; GameServer/Common copies are separate and not equated; no Delphi build/wire fixture
E-tools	Source/Tools/ImageEditor/Common/Grobal2.pas	2663	97849	covered	Round 803 三表 diff
E-tools	Source/Tools/ImageEditor/Common/HUtil32.pas	2216	60035	covered	Round 886 full read 1–2216 (CP949); parser/token, numeric/date, filesystem, pointer, bitmap/GDI, double-pack, and byte-string helpers; GetValidStr3 consumes its divider, GetValidStr4 preserves non-space dividers in the remainder, GetValidStrVal scans numeric/hex fields; fixed local buffers and inconsistent overflow handling; FileSize omits FindClose and FileCopy/FileCopyEx do not verify write counts or metadata results; Str_PCopyEx writes a terminator at dest[copyCount], beyond the copied span; SafeFillChar overloads delegate to FillChar; Common EDCode/MfdbDef/mudutil import this copy, but ImageEditor.dpr does not bind it and form calls are unqualified with a distinct root HUtil32 copy present; GetMonDay overwrites the accumulated year when month/day >=10, TimeIsOut uses a non-leap month table and a single minute carry; SQLSafe maps a fixed punctuation set rather than providing parameterized SQL; high-byte text helpers assume pairs without terminal-byte guards; empty private Str_Catch stub; no Delphi build/runtime
E-tools	Source/Tools/ImageEditor/Common/MfdbDef.pas	1192	38265	covered	Round 887 full read 1–1192 (CP949); legacy TFileDB raw `.db` records and `.idx` sidecar with `MIR2EI`-conditional THuman/bag/magic/save layout; size constants are declarations, not verified serialization sizes; LoadIndexs checks title/count/change position and attempts last-record timestamp check but does not bound all stored counts/positions; BuildIndex scans FDBTemp prefixes and builds sorted case-insensitive TQuickList plus blank slots; SaveIndexs/rebuild/mutations ignore write/copy outcomes; Get returns -1 stub, GetRecordDr has no upper index bound; DeleteRecord writes unpacked FDBRecordInfo including Reserved over a packed-record prefix (layout risk; no compiled size assertion); DBSaveAs reports success without checking FileCopyEx and GetRcdFromFile overwrites/leaks fhandle; no ImageEditor importer or TFileDB caller, GameServer project explicitly maps separate Source/Common copy, no current System.db/Users.db mapping or runtime test
E-tools	Source/Tools/ImageEditor/Common/ZLibEx.pas	726	21853	covered	Round 888 full read 1–726 (CP949); ZLibEx exposes stream and buffer deflate/inflate APIs, version constant 1.0.4; Windows links .obj objects, Linux imports libz.so.1; CompressBuf/DecompressBuf allocate/grow outputs while CompressBufZ/DecompressBufZ leave output allocation/resizing commented and swallow exceptions; DecompressToUserBuf raises its target-buffer-too-small resource only for nonnegative non-end results, while negative codes raise through DCheck first; TDecompressionStream.Read routes inflate errors through CCheck/ECompressionError; stream destructor seeks source back by unread avail_in; no active Common importer/caller (wmMyImage ZLibEx import and FrmAdd CompressBuf call are comments; WIL imports ZLIB); third-party Plug/DelphiZlib/ZLibEx.pas declares same unit name, no project resolution/runtime/EI equivalence verified
E-tools	Source/Tools/ImageEditor/Common/ZLibx.pas	733	21557	covered	Round 889 full read 1–733 (CP949); separate unit ZLibx in same old 1.0.4 deflate/inflate stream/buffer API family as Common ZLibEx, with Windows object links and Linux libz.so.1; buffer CompressBuf/DecompressBuf allocate/grow normally, but CompressBufZ/DecompressBufZ have allocation/resizing commented and swallow errors; DecompressToUserBuf only raises its target-buffer-too-small resource for nonnegative non-end results, negative codes raise through DCheck; TDecompressionStream.Read uses CCheck/ECompressionError and destructor rewinds unread avail_in; case-insensitive source-wide ZLibx search found only this and separate Source/Common/ZLibx unit declarations, no callers; no path resolution, binary copy identity, build/runtime, or EI comparison asserted
E-tools	Source/Tools/ImageEditor/Common/bass.pas	1021	52162	covered	Round 890 full read 1–1021 (CP949); Un4seen BASS 2.4 API declaration unit (`BASSVERSION=$204`, text `2.4`), platform library imports `bass.dll`/`libbass.so`/`libbass.dylib` with stdcall/cdecl ABI, extensive constants/records/callbacks and Windows-only EAX preset helper; CPUX64 padding conditionals in channel/plugin records, no compiled ABI sizes; only other local helper BASS_SPEAKER_N is `n shl 24`; source-wide function search finds external BASS calls in Client/ClMain and SoundUtil, but no ImageEditor callsites; Mir3.dpr includes caller units without explicit Bass source mapping; Source/Common/bass.pas separately declares unit BASS and copy/search-path identity unverified; no link to ImageEditor DLLFile/BassDLL PE, no Delphi/runtime/EI check
E-tools	Source/Tools/ImageEditor/Common/mudutil.pas	1009	26358	covered	Round 891 full read 1–1009 (CP949); custom sorted TQuickList/TQuickIdList and linear TFindList plus date/name/file/string and abusive-word helpers; TQuickList duplicate in a one-item list returns success without insertion; TQuickIdList equality branch at a nonzero key index uses Objects[0] instead of Objects[t], and class has no destructor for remaining nested TList/allocated PTIdInfo; CheckListValid/Trim skip final entry; SafeLoadFromFile leaves global FileMode=0; ImageEditor reference limited to Common/MfdbDef TQuickList/quicksort dependency, no DPR caller; GameServer utility callsites but separate Source/Common/mudutil copy and only explicit unit mapping is Server_JOB_ItemGen.dpr to that copy; unqualified runtime resolution unverified
A/C-server	Source/GameServer/Castle.pas	1241	42317	covered	Round 829 partial timing notes; Round 834 full 1–1241 and callers: hour-20 check (not exact 20:00), 3h war, owner/win/finish/repair paths; actual repair threshold 1min vs stale comments; EI/Zircon boundaries in items-systems §17.2
A/C-server	Source/GameServer/CmdMgr.pas	629	18628	covered	Round 810: TCmdMsg/ICommand/TCmdMgr 结构与分派
A/C-server	Source/GameServer/ConfirmDlg.pas	42	734	covered	Round 892 full read 1–42 (CP949); TFrmConfirmDlg.ExecuteDlg assigns the input TStringList to Memo1, invokes ShowModal and returns true only for mrYes; source-wide ConfirmDlg/ExecuteDlg searches found no importer, caller or explicit project mapping; source-reader results contain no associated DFM and expected lowercase/uppercase resource paths were not found, leaving ModalResult wiring unresolved; no Delphi build, resource/runtime, or EI comparison
A/C-server	Source/GameServer/CryptMd5.pas	497	18297	covered	Round 845 full 1–497; SourceString/ByteArray/File modes, 64-byte MD5 block transform, fixed-buffer input bound, only direct caller ElHashList
A/C-server	Source/GameServer/DBSQL.pas	1050	33281	covered	Round 839 full 1–1050: ADO SQL sidecar for user market/guild board; direct/stored-procedure SQL construction, not character-record mapper
A/C-server	Source/GameServer/DragonSystem.pas	604	18322	covered	Round 816 DecodeStrInfo状态机格式；Round 932 full 1–604 (CP949): 单例 gFireDragon, 13级 n×10000 经验表, !LEVEL/!EXP/!DROPMAP/!DROPAREA 命令流, ChangeExp 一次最多升一级且溢出经验丢弃, OnDropItem 仅 1..12 级按 FirstRate/SecondRate/DropCount 掉落到 DROPMAP 对角区, OnAttackTarget 20/40/60 伤害 + NE_THUNDER/NE_FIRE, OnAutoAttack 仅 RC_USERHUMAN 且 50%, Run 15min 重置 + 10s 自动攻击; 静态缺陷: 等级范围检查用 and 永假(负索引风险), FInitFileName 丢 EnvirDir 前缀致构造/Reload 从 CWD 读, SetItemDropMap 入参 MapName 未用; 调用点 svMain:1167/UsrEngn:3247/3354/LocalDB:711/757/ObjBase:14208,14343/ObjMon3:899,958; no Delphi/runtime/EI comparison
A/C-server	Source/GameServer/EDCode.pas	464	15569	covered	Round 803 diff
A/C-server	Source/GameServer/ElHashList.pas	325	9435	covered	Round 844 full 1–325; hash-only lookup/duplicate modes, CRC/quick collision aliasing, delete/discard cleanup gaps; no in-package constructor caller found
A/C-server	Source/GameServer/Envir.pas	1540	51192	covered	Round 808/812: 世界模型+.map格式+对象注册+移动门+门+MapQuest+EnvirList
A/C-server	Source/GameServer/Event.pas	323	7629	covered	Round 829 type constants; Round 834 full 1–323: 4 derived event classes + manager, scheduler/closed lifecycle, mine-map exception, mining/Magic callsites, Zircon comparison; no EI server-semantic equivalence inferred
A/C-server	Source/GameServer/FSrvValue.pas	93	2329	covered	Round 848 full 1–93; text DFM 1–215 read via source-reader after binary parser rejected TPF0; timeout/send clamps, Setup persistence omission (AvailableBlock), active RunSock consumers and dormant settings; static-only
A/C-server	Source/GameServer/FriendSystem.pas	988	32581	covered	Round 802 好友系统
A/C-server	Source/GameServer/FrnEngn.pas	457	12405	covered	Round 846 full 1–457; FrontEngine load/save/change/DB-message queues, 500ms retry and >20 failure discard path, shutdown/heavy-load checks
A/C-server	Source/GameServer/Guild.pas	3600	121469	covered	Round 827 partial notes superseded where corrected; Round 834 full 1–3600: save/war/rank/ally/estate/decor/SQL-board implementation and callers; active war 6h (3h stale comment), MakeAlly caller checks, immediate+deferred write; items-systems §17.1
A/C-server	Source/GameServer/IdSrvClient.pas	549	16935	covered	Round 803 公钥协商链
A/C-server	Source/GameServer/InterMsgClient.pas	279	8362	covered	Round 841 full 1–279: parenthesized interserver TCP client, buffered ISM dispatch, master address/port and 20s reconnect trigger
A/C-server	Source/GameServer/InterServerMsg.pas	927	28797	covered	Round 841 full 1–927: index-0 relay/handler and .shr character-shift handoff; additive checksum and unchecked file I/O are static-only findings
A/C-server	Source/GameServer/LocalDB.pas	2649	98927	covered	Round 809/811/812/813: MapInfo/MiniMap/脚本关键字/MapQuest/StartupQuest/全部19个配置解析器 + Round 833: DecodeConditionStr/DecodeActionStr 128条脚本命令全表(53条件+75动作，无重复值/大量空缺)
A/C-server	Source/GameServer/M2Share.pas	771	22107	covered	Round 847 full 1–771; shared record types, progression/bonus constants, masks, movement/equipment/economy helpers and callsites; diagonal bounds defects are static-only
A/C-server	Source/GameServer/Magic.pas	1756	72544	covered	Round 814/822: 4块26条分派/三伤害公式/符咒/击退/AoE骨架/亡灵特攻/距离衰减；其余39个Mag*待读
A/C-server	Source/GameServer/MaketSystem.pas	325	7870	covered	Round 893 full read 1–325 (CP949); GameServer per-user cache explicitly mapped by Server_JOB_ItemGen.dpr and used by ObjBase/ObjNpc/SqlEngn; TList stores PTMarketItem pointers, RemoveAll disposes records but Destroy leaks FItems; Delete and OnMsgReadData/OnMsgWriteData are empty; FState is only assigned EMPTY, Load/ReLoad have no external FUserMarket caller; request/response populates and serializes ten-item pages, and SqlEngn sends cached rows after non-success GetMarketData; same-named Client/MaketSystem is a separate Mir3.dpr-selected implementation; no EI MirDB/runtime/build equivalence
A/C-server	Source/GameServer/MasSock.pas	110	2682	covered	Round 894 full read 1–110 (CP949); TFrmMasSoc.FormCreate allocates UserList and activates TServerSocket on port 5600; connect/disconnect maintain PTUserInfo pointers; read appends ReceiveText to SocStr but no parser consumes it; SendInterServerMsg(word,body) frames and broadcasts but has no caller; source-wide searches found no DPR map, form caller or matching DFM; FormDestroy frees the list but does not Dispose remaining records; separate TUserEngine.SendInterServerMsg(string) is routed via FrmSrvMsg/FrmMsgClient; no build/runtime/EI comparison
A/C-server	Source/GameServer/Mission.pas	63	1192	covered	Round 808 确认为空壳
A/C-server	Source/GameServer/NoticeM.pas	114	2861	covered	Round 895 full read 1–114 (CP949); TNoticeManager fixed 100-slot cache under relative .\Notice\; svMain creates/frees it, ObjBase sends fixed Notice list at login, UsrEngn refreshes every 10 minutes (comment says five); refresh ignores missing files and never uses Valid; first lookup returns true/registers name after load exceptions, later named nil-list entry is not retried; no runtime/file-change or EI comparison
A/C-server	Source/GameServer/ObjAxeMon.pas	190	5583	covered	Round 815 类层次(3类); Round 933 full 1–190 (CP949): TDualAxeMonster/TThornDarkMonster(ChainShotCount=3)/TArcherMonster(=6) 远程飞斧族, 工厂 UsrEngn.AddCreature:931/962/1034; FlyAxeAttack 走 PEnvir.CanFly 弹道遮挡 + DC 低/高字节随机伤害(护甲减法已注释) + RM_STRUCK 延迟 600+max(|dx|,|dy|)*50ms + RM_FLYAXE; AttackTarget 7格内 ChainShot 连发、打满后 Random(5)=0 重置、8–11格追击、异图 LoseTarget; Run 每5s 曼哈顿最近索敌 + 4格内风筝逃跑; no Delphi/runtime/EI comparison
A/C-server	Source/GameServer/ObjBase.pas	31768	1187647	partial	Round 830–832: interface 3 classes/526 methods + TAnimal AI + selected TUserHuman internals + upgrade probabilities; Round 926 full reads 1802–2722 and 9321–10262, selected caller ranges 8173–8204/22670–23000/26550–26573/28585–28613: item level/job transforms and server/client paths; Round 927 reads 4416–4896/12679–12933 plus death/logout/butchery callers 5164–5227/26272–26310/26873–26908: bag/equipment/event/gold drops, meat transfer, ground placement and 120s ownership cleanup; Round 928 reads TCreature.Die 4898–5360, Alive/hitter/PK 5362–5486, Run death/timer 14394–14493/14728–14734 and combat attribution callers; Round 929 full TCreature.Run 14394–14940, TAnimal.Run inherited call 17243–17246, UsrEngn scheduler 3012–3175: recovery/status/poison/hitter timers and time-sliced dynamic dispatch; Round 930 full TCreature.RunMsg 14174–14352 plus TAnimal/TMonster/TGoldenImugi overrides and Magic/physical-hit callers: delayed magic, damage, heal/poison routing and caller gates; Round 931 reads CheckAttackRule2/_IsProperTarget/IsProperTarget/MagCanHitTarget 13814–15149 plus TGuardUnit/TArcherGuard override and attack selection ObjMon2 917–1077, TMonster callers ObjMon 382–425 and selected Magic callers: PK/team/guild/summon eligibility, event-flag result override, 13-step magic path and castle/no-castle guard rules; Round 946 reads TCreature.Create/Destroy 1422–1763, SetBoInFreePKArea/GetNextHitTime/GetNextWalkTime/IsMoveAble 1765–1800, message queue 3034–3238, GetMapCreatures/GetObliqueMapCreatures/SendRefMsg/UpdateVisible* 3241–3566 and RecalcAbilitys set-item system 7982–9299: ~200-field init, per-Ident message cleanup, POISON_SLOW +50% timers, 25×25 ref-msg target cache with 5-min ghost purge, 13-slot equipment scan and dozens of set-item bonuses by StdItem.Shape; Round 947 reads GetHitStruckDamage/GetMagStruckDamage/StruckDamage/DamageHealth/DamageSpell 6442–6760 and _Attack 10694–11164: interval armor roll, undead power, magic bubble, equipment durability wear with 8/8-slot rules, clone master MP drain, feedback reflect, safe-zone/direct/stone/long/wide/cross/twin hit modes, slow/poison on-hit gates and 8 sword-skill training branches; Round 948 reads PickUp 13267–13469 and EatItem 13471–13698: ownership/anti-mukja and group pickup gates, gold ≥500 logging, counter-item merge, deco-item guild-master rule, map-quest NPC call, Taiwan-event item marking; StdMode 0/1/2/3/8 dispatch incl. instant-abil/exp drugs, couple-revive stone (ring+365d+adjacent+dead), invitation/teleport-tag/gift-box/old-box; Round 949 reads UseScroll 5826–5998, MakeWeaponGoodLock 6000–6102, RepaireWeaponNormaly/Perfect/RepairItemNormaly 6104–6259, UseLotto 6262–6381 and MakeHolySeize 6384–6390: scroll Shape 1/2/3/4/5/6/9/10/11 dispatch with map flags and PK red-name home, weapon luck/curse tiered rolls, normal repair lowering DuraMax by repair/30 vs perfect repair, lottery Random(30000) prize tiers with LottoFail pity gate; EI/runtime behavior unverified; ObjBase remains partial with wider derived behavior
A/C-server	Source/GameServer/ObjGuard.pas	101	2367	covered	Round 815 TSuperGuard:TNormNpc 定位; Round 933 full 1–101 (CP949): RC_DOORGUARD=11 门卫(工厂 UsrEngn.AddCreature:854), ViewRange=7/Light=2; AttackTarget 用 GetBackPosition 瞬移到目标旁跳劈(HM_HIT)后回原位、SetLastHiter + ExpHiter:=nil、BreakHolySeize, 异环境 LoseTarget; Run 周期扫描 VisibleActors 选首个 PKLevel>=2 或 RaceServer>=RC_MONSTER 且非 BoHasMission 目标; 与 TAnimal 系 TGuardUnit/TArcherGuard 是不同体系; no Delphi/runtime/EI comparison
A/C-server	Source/GameServer/ObjMon.pas	3097	101650	covered	Round 815 类层次+TMonster AI核心; Round 935 full 1–3097 (CP949): TMonster 基类(Create/Think 3s 重叠挤开/AttackTarget/Run 走走停停+跟随主人+ForceMoveToMaster/MakeClone 整块复制/RecalcAbilitys) + 32 类实现; 关键机制: TSpitSpider SpitMap 5×5 方向模板+魔法防御+POISON_DECHEALTH, TGasAttackMonster 麻痹毒/RC_TOXICGHOST 变体, TCowKingMonster 被围 5 人瞬移脱围+暴走 8s+8s, TLightingZombi 穿透直线, TDigOutZombi ET_DIGOUTZOMBI 事件(洞), TZilKinZombi 复活, TScultureMonster/King 石像解石+ET_SCULPEICE+5 次召唤, TElf/TElfWarrior 神兽两形态互变, TCritical/TDoubleCritical 暴击=MaxMP/10, TSkeletonKing 飞斧连射+召唤, TBanyaGuard/TDeadCowKing 范围魔法, TStoneMonster 마계석 buff, TPBKingMonster 파황마신 边角瞬移+推人+视野掉血, TGoldenImugi 双子 Boss(孪生维持/复活/白蛇回血/三态攻击/最后一只才掉落), TPhisicalFarAttackMonster 等级缩放远程; 静态缺陷: TMonster.Run:492 跟主人 Y 判定误用 bx; no Delphi/runtime/EI comparison
A/C-server	Source/GameServer/ObjMon2.pas	1817	52513	covered	Round 815 类层次(17类); Round 936 full 1–1817 (CP949): 潜地族 TStickMonster(Digup/DigdownRange, ComeDown 手动 Dispose VisibleActors)/TMineMonster(AttackTarget 直接 HP:=0), 巢穴族 TBeeQueen/TSpiderHouseMonster(RM_ZEN_BEE 产 __Bee/__Spider), TCentipedeKingMonster(出土回满血+RM_DELAYMAGIC+毒)/TBigHeartMonster(ViewRange16 群体), TBamTreeMonster(计数式血条 StruckCount>=MaxHP)/TMonsterBox(1/10 掉鹿)/TExplosionSpider(自爆/60s), TGuardUnit.Struck 打城堡犯罪标记, TArcherGuard(飞斧+OriginDir)/TArcherMaster(等级缩放箭)/TArcherPolice, TCastleDoor(Dir 0/1/2 三档+ActiveDoorWall 标记 10 格通行)/TWallStructure(BoBlockPos), TSoccerBall(踢球 GoPower 封顶20+固定镜像反弹), TStickBlockMonster(호혼석: 3×3 生成 8 子体, 主怪被打若无子体先中则秒死, Die 连坐子体不掉物品); 工厂 UsrEngn.AddCreature; no Delphi/runtime/EI comparison
A/C-server	Source/GameServer/ObjMon3.pas	3197	98170	covered	Round 815 类层次(18类); Round 937 full 1–3197 (CP949): 召唤 TAngelMon(按 SlaveMakeLevel 定值+支援型)/TCloneMon(同步主人血量+每30s抽主人MP公式+MP<200 消失); 龙族 TDragon(42 格 bodypos 龙身+RM_DRAGON_FIRE1/2/3+5×5/21×21 两档)/TDragonBody/TDragonStatue; 后期远程 TEyeProg(吸人 CharRushRush)/TStoneSpider(13 步闪电)/TGhostTiger(隐身虎 9–12s 切换+POISON_SLOW+坐站循环)/TJumaThunder; 狐狸系列 TFoxWarrior(20% 暴击+HP<1/4 暴走60s)/TFoxWizard(被打30%瞬移)/TFoxTaoist(诅咒区+HP≤50%召唤4狐)/TFoxPillar(NeverDie+12格拉人+5×5)/TFoxBead(HP 5段变身+10%召唤/40%초필살/40%中心+Die 全图清场); TPushedMon(DeathCount 5/7 计数死)/TBossTurtle(HP 加权选招+每10%血召唤6只); 静态: PushedCount 递增点不在本文件; no Delphi/runtime/EI comparison
A/C-server	Source/GameServer/ObjNpc.pas	6409	255489	covered	Round 811/821: 五层任务模型/CheckQuestCondition/CheckSayingCondition/53+75 opcode/GotoQuest/TakeItemFromUser/CheckNpcSayCommand 28个$宏 + Round 833: 四级嵌套数据结构/四段式脚本/AvailableCommands自动扫@链接/脚本文件NPC名-地图名
A/C-server	Source/GameServer/Relationship.pas	471	11946	covered	Round 829 model notes; Round 834 full 1–471 plus ObjBase request/accept callers: reciprocal partner handshake, request-side capacity/eligibility, local Add boundary, date/serialization; DB/runtime locale edges explicitly open
A/C-server	Source/GameServer/RunDB.pas	687	22148	covered	Round 840 full 1–687: FDBRecord↔TUserHuman mapping, DB_LOAD/SAVEHUMANRCD over DBSocket, certified wait/reply path; DataBaseServer handler join verified
A/C-server	Source/GameServer/RunSock.pas	1209	41126	covered	Round 840 full 1–1209: GameServer RunGate admission/message framing, buffering and send pacing; gate path distinct from DB socket
A/C-server	Source/GameServer/SQLLocalDB.pas	799	31038	covered	Round 839 full 1–799: ADO resource tables from Setup/!DBSETUP.TXT; file fallback is stub; Item/Monster/MobItem/Magic field loaders
A/C-server	Source/GameServer/Server_JOB_ItemGen.dpr	59	1828	covered	Round 839 full 1–59: GameServer project imports DBSQL/SqlEngn/SQLLocalDB and creates server/database/login forms
A/C-server	Source/GameServer/SqlEngn.pas	1268	41012	covered	Round 839 full 1–1268: threaded market/board DB queue and timer-side response dispatch; ExecuteSaveCommand body is empty
A/C-server	Source/GameServer/TagSystem.pas	1678	54596	covered	Round 829 partial notes superseded where corrected; Round 834 full 1–1678 plus UserMgr/UsrEngn/ObjBase callers: state transitions, DB/inter-server paths, 11-entry page bound, unread-count reload drift, delete-all-read empty branch, CM_TAG_NOTREADCOUNT route gap; DB-side semantics open
A/C-server	Source/GameServer/UserMgr.pas	726	21672	covered	Round 802 FriendSystem 二次分派
A/C-server	Source/GameServer/UserMgrEngn.pas	276	6926	covered	Round 842 full 1–276; suspended-thread lifecycle, stClient/DB/interserver queue paths, verified caller families
A/C-server	Source/GameServer/UserSystem.pas	153	4879	covered	Round 843 full 1–153; ISM_FRIEND_OPEN/CLOSE/USER_INFO dispatch methods, slash-body parsing and SM_USER_INFO client response
A/C-server	Source/GameServer/UsrEngn.pas	3696	122341	covered	Round 803 校验和 + 好友透传
A/C-server	Source/GameServer/crc_32.pas	54	972	covered	Round 844 full 1–54; reflected EDB88320 table, zero-seed/no-final-XOR CrcStr; only direct consumer is ElHashList
A/C-server	Source/GameServer/itmunit.pas	897	29538	covered	Round 816 升级两公式/攻速有符号编码/Desc映射/GetUpgradeStdItem; Round 934 full 1–897 (CP949): 8 个 UpgradeRandom*(Weapon/Dress/Necklace/Barcelet/Necklace19/Rings/Rings23/Helmet) 全表(每项先 GetUpgrade 后 Random 门, 武器攻速 incp=(1+up)div3 且 Random(3) 定正负, 耐久 (1+up)*1000或2000 封顶65000), 工厂 UsrEngn.RandomUpgradeItem:687-712 按 StdMode 分派; 3 个 RandomSetUnknown* 用 GetUpgrade2 累加 sum 达阈值定 Desc[5] 需求类型/Desc[6] 需求等级 + Desc[8] 未知属性 + 1/30 不掉落; GetUpgradeStdItem 576-855 按 StdMode 5,6/10,11/15/19,20,21/22,23/24/26/52/53/54 全表(属性一律改高字节, Desc[] 是按 StdMode 重载的联合体, 52/53/54 为 sonmg 加的 Preview 专属), 返回 UCount; 消费点 ObjBase:9329/10273/22674+ 与 ObjNpc:3222; no Delphi/runtime/EI comparison
A/C-server	Source/GameServer/svMain.pas	1880	60780	covered	Round 808 EnvirDir 读取点
D-client	Source/Client/Actor.pas	4743	194647	covered	Round 819 动作帧公式+46表329项+HA全表+CurrentAction映射+Shift重复定义查明; Round 941 full 1–4743 (cp949+mixed): 消息队列(SendMsg/UpdateMsg 主角删 3000..3099/CleanUserMsgs/ProcMsg/ProcHurryMsg 乱序取 SM_MAGICFIRE), ReadyAction(CM_*→SM_* 转换, SM_STRUCK struckframetime=max(80,200-Level*5)+组队显血, SM_SPELL 等服务器 FIRE, SM_DEATH→ActorDied), Run 施法门控(CurEffFrame=SpellFrame-2 等 ServerMagicCode), Move(负重/POISON_SLOW 减速 SkipTick, 脚步 1/4 帧, RUSH 300ms/BACKSTEP 1000ms DizzyDelay, RUSHKUNG 位置还原), Say(150px 折行+DBCS), TNpcActor(Dir mod 3 三方向+Appearance 硬编码特效+无影子列表), THumActor(HUMANFRAME 偏移, HA 表, SM_RUSH 左右交替, SM_SPELL EffectNumber 22/26/35/43/44/45/47 特判, RunFrameAction HEAVYHIT 挖石/THROW 飞斧, GenAniCount 주술의막, WORDER[Sex,frame] 决定武器/身体遮挡, 주술의막泡泡, 공파섬 HitEffectNumber=8); Shift 只有 :1910 生效(:2093 被块注释); no Delphi/runtime/EI comparison
D-client	Source/Client/AxeMon.pas	4217	150653	covered	Round 826 35 类层次(客户端怪物渲染, 与 GameServer/ObjAxeMon.pas 不同); Round 940 full 1–4217 (CP949): 帧基址常量表(:10-62); TSkeletonOma 基类(按 Race 特判 93/94/100/107-110/111/112/23/55/81, GetDefaultFrame SitDown+DownDrawLevel, Run msgmuch 2/3 加速+RunActSound/RunFrameAction+Race92 MAGIC_DUN_THUNDER); 派生: TDualAxeOma 飞斧(Race 15/22/111/112 各 FlyImageBase), TArcherMon 飞箭, TZombiDigOut ET_DIGOUTZOMBI, TWarriorElfMonster TMapEffect, TGasKuDeGi 基类(GetFlyDirection16 + 按 Race 分派图库/基址), TSculptureMon 石像+92 效果, TSkeletonKingMon 8 套 SKELETONKINGEFFECT*, TBanyaGuardMon 后期 Boss(按 Race 分派死亡/攻击效果与 MAGIC_SERPENT_1/FOX_*/SIDESTONE_ATT1/TURTLE_WARTERATT), TStoneMonster 마계석, TAngel 双图层, TFireDragon(唯一带 TTimer, 83/110/118 三形态闪电), TDragonStatue, TJumaThunderMon; 与客户端 AxeMon 渲染=Race/Appearance 数值约定; no Delphi/runtime/EI comparison
D-client	Source/Client/CMsg.pas	110	2183	covered	Round 896: CMList.dat parsing and ClMain/FState/IntroScn GetMsg lifecycle; repeated-load/cleanup/exception hazards; EDCode binding unresolved
D-client	Source/Client/ClFunc.pas	1032	28948	covered	Round 897: local inventory/options, bag/trade/drop helper behavior and static stack-result/count defects; geometry and change-face caller traces
D-client	Source/Client/ClMain.pas	9924	322121	covered	Round 817 SCREENWIDTH/HEIGHT 常量+SendWantMiniMap/PublicKey; Round 944 main-chain read (cp949+mixed): AppOnIdle 节流渲染五层(Background/Obj/Light/Wea/Mag)+反作弊(1s 亮度自检/5s 文件校验和 pLocalFileCheckSum vs pClientCheckSum1-3), DecodeMessagePacket 全读('+' 攻速核对与 PWR/LNG/WID/CRS/TWN/FIR/STN 标志+'=' DIG+<DEFBLOCKSIZE 丢弃; 未登录只处理 PASSWD/SELECTSERVER/QUERYCHR/NEWCHR/CHGPASSWD/DELCHR/STARTPLAY/VERSION; MapMoving 只缓存 CHANGEMAP; 约 150 个 SM_* 分支: 移动/战斗/施法/属性/显血/物品/NPC/商店/地图门/组队行会交易师徒好友便签市场/登出; 未知 Ident 打印; SM_WEIGHTCHANGED 校验和 xor 0xaa21/0x1F35/0x3A5F), ProcessKeyMessages(F1-F12 UseMagic)/ProcessActionMessages(caWalk/caRun 绕行+CheckDoorAction+RunReadyCount+RealActionMsg), _FormMouseDown(控件优先, 右跑/左攻/Alt 屠宰/曲柄挖矿/CM_LONG|WIDE|CROSSHIT), FormKeyDown, CSocketRead→DecodeMessagePacket, 约 120 个 Send* 已索引; 未逐行读全部 Send*/ClientGet* 辅助函数; no Delphi/runtime/EI comparison
D-client	Source/Client/DWinCtl.pas	7804	226540	covered	Round 806/818 类层次+输入优先级+InRange+TDButton四态+TDGrid格子+SetImgIndex; Round 943 full-read main chain (CP949): TDWinManager 输入分派五级链 PopUp→ModalDWindowList(倒序)→ModalDWindow→TopDWindow→MouseCaptureControl→DWinList(MouseWheel 无 Top 分支且回退 FocusedControl), MouseUp 的 m_boClose/MouseEntryControl 与 Top 点窗外关闭, DirectPaint 模态/弹出最后画, EscClose 同链, ChangeChildOrder 按 FControlStyle(dsBottom 不动/dsTop 末尾/dsNone 插非 Top 之后); TDWindow 拖动+边界钳制+显示即置顶, TDModalWindow ModalShow/ModalClose 清 8 全局指针; TDControl CreateSurface(A4R4G4B4)/SurfaceX-Y/LocalX-Y/InRange 像素 alpha/AddChild 把 TDEdit 入 DTabControls/CheckTab; TDCheckBox/TDUpDown 滚动条/TDHooKKey(仅声明)/TDEdit Ctrl+XCV A+Shift 选择+密码禁剪贴板/TDComboBox/TDListView(DirectPaint 列表主体整段注释只画滚动条)/TDMemo(含 TDMemoStringList)/TDPopUpMemu/TDImageEdit(仅声明)/TDTreeView 递归绘制/UpDown 滚动/TDCustomEdit IME 开关+HklKeyboardLayout; 未逐行读 TDImageEdit/TDHooKKey 主体; no Delphi/runtime/EI comparison
D-client	Source/Client/DrawHint.pas	441	15405	covered	Round 898: unbound TDxHintMgr parser/cache/render behavior; active DScreen hint path belongs to DrawScrn
D-client	Source/Client/DrawScrn.pas	550	17810	covered	Round 804 场景切换
D-client	Source/Client/FState.pas	14853	531645	covered	Round 817 TFrmDlg.Initialize 运行时布局(345项)+窗口声明+帧号; Round 945 main-chain read (cp949+mixed): FormCreate 建 6 个原生 VCL 编辑控件(EdDlgEdit/EdCountEdit/ItemSearchEdit/Memo/edCharID/memoMail)+大量 TList/TStringList, FormDestroy(未释放动态控件), HideAllControls/RestoreHideControls(模态时隐藏 TEdit), Initialize(g_DWinMan.ClearAll+注册 DBackground+40 窗口); DMessageDlg 模态阻塞循环(Application.ProcessMessages 重入 + 每5次 FrmMain.MsgProg 保心跳, DialogSize 0/1/2→帧 1248/1240/1250, Ok 帧 1241/1251, BoMsgDlgTimeCheck 超时 mrNo, RunDice 掷骰/猜拳动画), OnlyMessageDlg 简化版; OpenMyStatus/OpenUserState/OpenItemBag/OpenMyMagic/ViewBottomBox/OpenAdjustAbility; CancelItemMoving(按 MovingItem.Index 归位 -99/-20..-30/-(n+1)0..12 UseItems/0..MAXBAGITEM), DropMovingItem(重叠弹数量框+UniqueItem and $04 二次确认+StdMode=9 直丢), DBottomMouseDown(点聊天行自动填 /名字 私聊), SafeCloseDlg(关 5 类对话框); 433 方法中 DFriend/DMail/DGuild/DGABoard/DJangwon/DMarket/DDeal/DStorage/DMaster 等对话框组只索引未逐行; no Delphi/runtime/EI comparison
D-client	Source/Client/HerbActor.pas	993	30165	covered	Round 826 10 类层次; Round 939 full 1–993 (CP949): 常量 BEEQUEENBASE=600/DOORDEATHEFFECTBASE=120/WALLLEFTBROKENEFFECTBASE=224/WALLRIGHTBROKENEFFECTBASE=240; TKillingHerb.CalcActorFrame 动作→Act* 帧段(SM_TURN/DIGUP/HIT/STRUCK/DEATH/NOWDEATH/DIGDOWN, SM_DIGDOWN 用 ActDeath+BoDelActionAfterFinished), GetDefaultFrame; TMineMon 强制 Dir=0 + 60s 重载图库; TCentipedeKingMon SM_HIT=ActCritical+特效(g_WMon24Img 1410 / g_WMon15Img 100, 50ms/帧); TCastleDoor 客户端 Map.MarkCanWalk 独立门碰撞(10+格, DownDrawLevel 1/2, 开/关/破 三态, 镜头格变化重刷); TWallStructure BrokenSurface=offset+8+Dir + 224/240 特效 + SetActorDrawLevel 0 + MarkCanWalk 独立阻挡; TDragonBody g_WDragonImg 固定帧 0..1/400ms; TSoccerBall 空壳; 客户端与服务端各维护门/墙通行位图; no Delphi/runtime/EI comparison
D-client	Source/Client/IntroScn.pas	1776	55353	covered	Round 804 TSceneType
D-client	Source/Client/Logo.pas	105	2921	covered	Round 899: RLE decoder and ClMain references traced; LogoBitemp.inc missing and Logo unit binding unresolved
D-client	Source/Client/MShare.pas	32	775	covered	Round 900: interface-only image metadata; sole import is unlinked DrawHint and packed TWMImages is distinct from WIL alias
D-client	Source/Client/MaketSystem.pas	310	7373	covered	Round 901: SM_MARKET_LIST cache and UI calls traced; empty APIs, unchecked rows, page-count overrun, TList leaks
D-client	Source/Client/MapUnit.pas	354	9441	covered	Round 902: TMap current-window loader, renderer/collision/door callers; segmented/CanFly stubs and unchecked arrays
D-client	Source/Client/Mir3.dpr	45	1084	covered	Round 804 入口
D-client	Source/Client/Mpeg.pas	170	4370	covered	Round 903: DirectShow wrapper callers traced; COM/play error paths and missing Video cleanup
D-client	Source/Client/PlayScn.pas	3043	105146	covered	Round 804/818/823: 场景状态机+小地图调用点+五层Surface+光照系统(LightSizes/LightMask/AddLight/ApplyLightMap空转)；PlaySurface主体495行待读
D-client	Source/Client/Relationship.pas	452	11667	covered	Round 904: relation manager and Client UI/message callers; date parsing, sequence helpers, stale lover count and missing manager free
D-client	Source/Client/SingleInstance.pas	67	1545	covered	Round 905: DPR-mapped but unreferenced mutex helper; error/result, discarded handle and release ownership defects
D-client	Source/Client/SoundUtil.pas	735	19504	covered	Round 906: dual SoundManager-effect/BASS-music paths and callers, thread lifecycle, option mismatch, unchecked .wwl file reads
D-client	Source/Client/WIL.pas	749	21533	covered	Round 807 图库格式
D-client	Source/Client/clEvent.pas	218	5444	covered	Round 907: SM_SHOWEVENT field mapping, local/server callers, six event render cases, manager lifecycle, stale fire light and distance cleanup
D-client	Source/Client/cliUtil.pas	1258	42862	covered	Round 908: active draw/fade helpers, no-op legacy fog/MMX routines, uncalled color caches, startup surfaces without unload caller
D-client	Source/Client/magiceff.pas	1621	53077	covered	Round 909: all 15 effect classes, spell/projectile factories and Actor/AxeMon/ClMain callers; corrected GetFlyXY/Shift timing, empty unused lighting stub, scroll-hide frame mismatch, nil dereference and inactive-list lifecycle gaps
D-client	Source/Client/uWilFile.pas	582	21446	covered	Round 807 路径表与回退
D-client	Source/Client/wmM2Def.pas	525	17922	covered	Round 910: WIL/WIX M2Def format selection, lazy 8-/16-bit texture conversion, 27 Client library callers, unreachable t_wmM2Def16 branch, unchecked headers and index-handle leak
D-client	Source/Client/wmM2Zip.pas	302	9989	covered	Round 825: Mir2压缩格式全解(.WZX索引48B头/21B图头/双路径解码/Encode=5为16位/格式自动探测)
D-client	Source/Client/wmM3Def.pas	537	16638	covered	Round 911: M3Def WIL fallback, both WIX index modes, word-RLE decode and RGB565 texture conversion; unchecked index/frame lengths, ignored decode result and uninitialized mapped-index pointer
D-client	Source/Client/wmM3Zip.pas	217	6608	covered	Round 807 .Zl 容器
D-client	Source/Client/wmMyImage.pas	741	25787	covered	Round 824: .Lib 格式全解(56B头/18B图头/DES加密/lom2com校验/ZIP索引+10个int32头部)；DecryBuffer实现与真实文件验证待做
D-client	Source/Client/wmUtil.pas	4497	489745	covered	Round 825 4200行查表+6函数+ZIP实现(raise被注释); Round 942 full 1–4497 (GB18030): 三表实测 X8_A1R5G5B5(256)/R5G6B5_A1R5G5B5(65536)/ColorArray(1024B→PotoPalette); Move 覆盖 RTL 的 32 位 x86 汇编(Source=Dest 直返, >32/负数→Large, 9..32 用 x87 fild/fistp 8 字节, 0..8 跳转表 M01..M08, Large 按重叠方向正/反 8 字节对齐循环); LineX8/LineR5G6B5 无边界检查像素循环; CCheck/DCheck raise 被外层 except(//raise) 吞掉→OutBuf=nil; ZIPCompress 初始 (InBytes+InBytes/10+12+255) and not 255 + 256 递增; ZIPDecompress BufInc=(InBytes+255) and not 255; initialization 拷 ColorArray→PotoPalette; 与 MapEdit/Wil/wmUtil.pas(Round 883)是独立同名副本; no Delphi/runtime/EI comparison
D-client	Source/Client/Light/Light0a.pas	100	2696	covered	Round 912: Client-created A8R8G8B8 light surface and PlayScn selection; unbounded RGBA RLE runs, lock/decode failure states and no external destroy caller; Light0a.inc inaccessible through reader
D-client	Source/Client/Light/Light0b.pas	100	2696	covered	Round 913: duplicate unbounded RGBA RLE surface builder, created at startup but not consumed by PlayScn; lock/decode failure paths, no external destroy caller, Light0b.inc inaccessible through reader
D-client	Source/Client/Light/Light0c.pas	100	2696	covered	Round 914: active light type 1/2 RGBA surface, duplicate unbounded RLE/failure paths, no external destroy caller, Light0c.inc inaccessible through reader
D-client	Source/Client/Light/Light0d.pas	100	2696	covered	Round 915: active light type 3 RGBA surface, duplicate unbounded RLE/failure paths, no external destroy caller, Light0d.inc inaccessible through reader
E-db	Source/DataBaseServer/Def/DynamicArray.cpp	76	1238	covered	Round 838 full 1–76: older non-template slot allocator; both scan loops test m_Elements[nIndex] instead of m_Elements[i]
E-db	Source/DataBaseServer/Def/DynamicArray.h	158	3149	covered	Round 838 full 1–158: 5000-slot template API; GetData/DettachData accept index <= _MAX_USER_ARRAY and AttachData has no full-array return
E-db	Source/DataBaseServer/Def/EnDecode.cpp	207	4527	covered	Round 837 full 1–207: standalone ANSI/Unicode 6bit codec; DBSvr.vcproj does not compile this file (app compiles Common/endecode.cpp)
E-db	Source/DataBaseServer/Def/EnDecode.h	71	2755	covered	Round 837 full 1–71: standalone codec declarations; distinct from active Common/endecode.h
E-db	Source/DataBaseServer/Def/IocpHelper.cpp	77	1412	covered	Round 838 full 1–77: standalone accept thread; force-termination Stop and accept loop dispatches failed sockets without a break
E-db	Source/DataBaseServer/Def/IocpHelper.h	42	691	covered	Round 838 full 1–42: CIocpObject/CIocpAcceptor declarations; support file not listed in DBSvr.vcproj
E-db	Source/DataBaseServer/Def/Misc.cpp	182	3877	covered	Round 838 full 1–182: standalone date/time, integer-string and Win32 dialog helpers
E-db	Source/DataBaseServer/Def/Misc.h	19	507	covered	Round 838 full 1–19: declarations for standalone Misc.cpp helpers
E-db	Source/DataBaseServer/Def/Protocol.h	557	14092	covered	Round 838 full 1–557: complete legacy login/game/DB opcode and packed record declarations; distinct from active DBSvr/protocol.h
E-db	Source/DataBaseServer/Def/RegstryHandler.cpp	82	2118	covered	Round 838 full 1–82: HKLM registry helpers; second RegQueryValueEx result is ignored
E-db	Source/DataBaseServer/Def/ServerSockHandler.cpp	284	8611	covered	Round 838 full 1–284: standalone socket/IOCP helpers; ConnectToServer returns FALSE after immediate connect success; not listed in DBSvr.vcproj
E-db	Source/DataBaseServer/Def/ServerSockHandler.h	43	1111	covered	Round 838 full 1–43: 8192-byte socket/overlapped structs and declarations; CreateIOCPWorkerThread signature differs from .cpp
E-db	Source/DataBaseServer/Def/StaticArray.h	81	1145	covered	Round 838 full 1–81: CStaticArray cursor monotonically increments and wrapped scan uses it as an unclamped upper bound
E-db	Source/DataBaseServer/Def/database.cpp	469	8411	covered	Round 837 full 1–469: standalone ODBC wrapper; not listed in DBSvr.vcproj, which resolves database.h from linked _Oranze Library
E-db	Source/DataBaseServer/Def/database.h	139	2289	covered	Round 837 full 1–139: standalone CDatabase/CConnection/CRecordset API; not the linked DBSvr ODBC implementation
E-db	Source/DataBaseServer/Def/list.h	402	6578	covered	Round 838 full 1–402: CList ownership/removal/search/index implementation; InsertAt omits count update, comparator calls lack null guard, destructor does not clear nodes
E-db	Source/DataBaseServer/Def/queue.h	50	689	covered	Round 838 full 1–50: FIFO wrapper over CList tail/head operations
E-db	Source/DataBaseServer/Def/syncobj.cpp	28	390	covered	Round 838 full 1–28: CCriticalSection Initialize/Enter/Leave/Delete wrappers
E-db	Source/DataBaseServer/Def/syncobj.h	33	442	covered	Round 838 full 1–33: CCriticalSection/CIntLock declarations; standalone support API
E-db	Source/DataBaseServer/_Oranze Library/astar.h	426	8521	covered	Round 837 SHA-256 identical to LoginServer/_Oranze Library/astar.h; full source read Round 836
E-db	Source/DataBaseServer/_Oranze Library/base64.cpp	131	2624	covered	Round 837 SHA-256 identical to LoginServer/_Oranze Library/base64.cpp; full source read Round 836
E-db	Source/DataBaseServer/_Oranze Library/base64.h	35	647	covered	Round 837 SHA-256 identical to LoginServer/_Oranze Library/base64.h; full source read Round 836
E-db	Source/DataBaseServer/_Oranze Library/bstree.h	478	9355	covered	Round 837 SHA-256 identical to LoginServer/_Oranze Library/bstree.h; full source read Round 836
E-db	Source/DataBaseServer/_Oranze Library/codebase.cpp	302	4471	covered	Round 837 SHA-256 identical to LoginServer/_Oranze Library/codebase.cpp; full source read Round 836
E-db	Source/DataBaseServer/_Oranze Library/codebase.h	121	2211	covered	Round 837 SHA-256 identical to LoginServer/_Oranze Library/codebase.h; full source read Round 836
E-db	Source/DataBaseServer/_Oranze Library/database.cpp	508	9146	covered	Round 837 SHA-256 identical to LoginServer/_Oranze Library/database.cpp; full source read Round 836
E-db	Source/DataBaseServer/_Oranze Library/database.h	143	2411	covered	Round 837 SHA-256 identical to LoginServer/_Oranze Library/database.h; full source read Round 836
E-db	Source/DataBaseServer/_Oranze Library/datatype.h	13	191	covered	Round 837 SHA-256 identical to LoginServer/_Oranze Library/datatype.h; full source read Round 836
E-db	Source/DataBaseServer/_Oranze Library/datelog.cpp	91	1615	covered	Round 837 SHA-256 identical to LoginServer/_Oranze Library/datelog.cpp; full source read Round 836
E-db	Source/DataBaseServer/_Oranze Library/datelog.h	37	510	covered	Round 837 SHA-256 identical to LoginServer/_Oranze Library/datelog.h; full source read Round 836
E-db	Source/DataBaseServer/_Oranze Library/error.cpp	35	449	covered	Round 837 SHA-256 identical to LoginServer/_Oranze Library/error.cpp; full source read Round 836
E-db	Source/DataBaseServer/_Oranze Library/error.h	32	347	covered	Round 837 SHA-256 identical to LoginServer/_Oranze Library/error.h; full source read Round 836
E-db	Source/DataBaseServer/_Oranze Library/file.cpp	92	1160	covered	Round 837 SHA-256 identical to LoginServer/_Oranze Library/file.cpp; full source read Round 836
E-db	Source/DataBaseServer/_Oranze Library/file.h	35	596	covered	Round 837 SHA-256 identical to LoginServer/_Oranze Library/file.h; full source read Round 836
E-db	Source/DataBaseServer/_Oranze Library/fsa.h	141	2269	covered	Round 837 SHA-256 identical to LoginServer/_Oranze Library/fsa.h; full source read Round 836
E-db	Source/DataBaseServer/_Oranze Library/http.cpp	960	20626	covered	Round 837 SHA-256 identical to LoginServer/_Oranze Library/http.cpp; full source read Round 836
E-db	Source/DataBaseServer/_Oranze Library/http.h	182	4353	covered	Round 837 SHA-256 identical to LoginServer/_Oranze Library/http.h; full source read Round 836
E-db	Source/DataBaseServer/_Oranze Library/imsgfmt.cpp	82	1768	covered	Round 837 SHA-256 identical to LoginServer/_Oranze Library/imsgfmt.cpp; full source read Round 836
E-db	Source/DataBaseServer/_Oranze Library/imsgfmt.h	24	403	covered	Round 837 SHA-256 identical to LoginServer/_Oranze Library/imsgfmt.h; full source read Round 836
E-db	Source/DataBaseServer/_Oranze Library/indexmap.h	107	1920	covered	Round 837 SHA-256 identical to LoginServer/_Oranze Library/indexmap.h; full source read Round 836
E-db	Source/DataBaseServer/_Oranze Library/list.h	423	6980	covered	Round 837 SHA-256 identical to LoginServer/_Oranze Library/list.h; full source read Round 836
E-db	Source/DataBaseServer/_Oranze Library/mail.cpp	172	2783	covered	Round 837 SHA-256 identical to LoginServer/_Oranze Library/mail.cpp; full source read Round 836
E-db	Source/DataBaseServer/_Oranze Library/mail.h	77	1351	covered	Round 837 SHA-256 identical to LoginServer/_Oranze Library/mail.h; full source read Round 836
E-db	Source/DataBaseServer/_Oranze Library/map.h	236	4512	covered	Round 837 SHA-256 identical to LoginServer/_Oranze Library/map.h; full source read Round 836
E-db	Source/DataBaseServer/_Oranze Library/mime.cpp	626	12444	covered	Round 837 SHA-256 identical to LoginServer/_Oranze Library/mime.cpp; full source read Round 836
E-db	Source/DataBaseServer/_Oranze Library/mime.h	131	2543	covered	Round 837 SHA-256 identical to LoginServer/_Oranze Library/mime.h; full source read Round 836
E-db	Source/DataBaseServer/_Oranze Library/netbase.cpp	180	3661	covered	Round 837 SHA-256 identical to LoginServer/_Oranze Library/netbase.cpp; full source read Round 836
E-db	Source/DataBaseServer/_Oranze Library/netbase.h	64	1311	covered	Round 837 SHA-256 identical to LoginServer/_Oranze Library/netbase.h; full source read Round 836
E-db	Source/DataBaseServer/_Oranze Library/netiocp.cpp	1045	22074	covered	Round 837 SHA-256 identical to LoginServer/_Oranze Library/netiocp.cpp; full source read Round 836
E-db	Source/DataBaseServer/_Oranze Library/netiocp.h	208	4942	covered	Round 837 SHA-256 identical to LoginServer/_Oranze Library/netiocp.h; full source read Round 836
E-db	Source/DataBaseServer/_Oranze Library/nettcp.cpp	331	6567	covered	Round 837 SHA-256 identical to LoginServer/_Oranze Library/nettcp.cpp; full source read Round 836
E-db	Source/DataBaseServer/_Oranze Library/nettcp.h	101	2307	covered	Round 837 SHA-256 identical to LoginServer/_Oranze Library/nettcp.h; full source read Round 836
E-db	Source/DataBaseServer/_Oranze Library/netudp.cpp	629	13868	covered	Round 837 SHA-256 identical to LoginServer/_Oranze Library/netudp.cpp; full source read Round 836
E-db	Source/DataBaseServer/_Oranze Library/netudp.h	190	4597	covered	Round 837 SHA-256 identical to LoginServer/_Oranze Library/netudp.h; full source read Round 836
E-db	Source/DataBaseServer/_Oranze Library/pop3.cpp	309	6571	covered	Round 837 SHA-256 identical to LoginServer/_Oranze Library/pop3.cpp; full source read Round 836
E-db	Source/DataBaseServer/_Oranze Library/pop3.h	81	1501	covered	Round 837 SHA-256 identical to LoginServer/_Oranze Library/pop3.h; full source read Round 836
E-db	Source/DataBaseServer/_Oranze Library/pqueue.h	210	3954	covered	Round 837 SHA-256 identical to LoginServer/_Oranze Library/pqueue.h; full source read Round 836
E-db	Source/DataBaseServer/_Oranze Library/prime.cpp	37	475	covered	Round 837 full 1–37; only code difference from LoginServer copy is explicit double cast in sqrt argument
E-db	Source/DataBaseServer/_Oranze Library/prime.h	25	327	covered	Round 837 SHA-256 identical to LoginServer/_Oranze Library/prime.h; full source read Round 836
E-db	Source/DataBaseServer/_Oranze Library/queue.h	50	689	covered	Round 837 SHA-256 identical to LoginServer/_Oranze Library/queue.h; full source read Round 836
E-db	Source/DataBaseServer/_Oranze Library/quotedpr.cpp	150	2889	covered	Round 837 SHA-256 identical to LoginServer/_Oranze Library/quotedpr.cpp; full source read Round 836
E-db	Source/DataBaseServer/_Oranze Library/quotedpr.h	29	557	covered	Round 837 SHA-256 identical to LoginServer/_Oranze Library/quotedpr.h; full source read Round 836
E-db	Source/DataBaseServer/_Oranze Library/registry.cpp	92	1731	covered	Round 837 SHA-256 identical to LoginServer/_Oranze Library/registry.cpp; full source read Round 836
E-db	Source/DataBaseServer/_Oranze Library/registry.h	44	635	covered	Round 837 SHA-256 identical to LoginServer/_Oranze Library/registry.h; full source read Round 836
E-db	Source/DataBaseServer/_Oranze Library/script.cpp	144	2576	covered	Round 837 SHA-256 identical to LoginServer/_Oranze Library/script.cpp; full source read Round 836
E-db	Source/DataBaseServer/_Oranze Library/script.h	64	1095	covered	Round 837 SHA-256 identical to LoginServer/_Oranze Library/script.h; full source read Round 836
E-db	Source/DataBaseServer/_Oranze Library/slist.h	23	263	covered	Round 837 SHA-256 identical to LoginServer/_Oranze Library/slist.h; full source read Round 836
E-db	Source/DataBaseServer/_Oranze Library/squeue.h	23	269	covered	Round 837 SHA-256 identical to LoginServer/_Oranze Library/squeue.h; full source read Round 836
E-db	Source/DataBaseServer/_Oranze Library/stack.h	50	663	covered	Round 837 SHA-256 identical to LoginServer/_Oranze Library/stack.h; full source read Round 836
E-db	Source/DataBaseServer/_Oranze Library/streambf.h	114	1918	covered	Round 837 SHA-256 identical to LoginServer/_Oranze Library/streambf.h; full source read Round 836
E-db	Source/DataBaseServer/_Oranze Library/stringex.cpp	405	5916	covered	Round 837 SHA-256 identical to LoginServer/_Oranze Library/stringex.cpp; full source read Round 836
E-db	Source/DataBaseServer/_Oranze Library/stringex.h	71	1503	covered	Round 837 SHA-256 identical to LoginServer/_Oranze Library/stringex.h; full source read Round 836
E-db	Source/DataBaseServer/_Oranze Library/syncobj.cpp	56	773	covered	Round 837 SHA-256 identical to LoginServer/_Oranze Library/syncobj.cpp; full source read Round 836
E-db	Source/DataBaseServer/_Oranze Library/syncobj.h	42	591	covered	Round 837 SHA-256 identical to LoginServer/_Oranze Library/syncobj.h; full source read Round 836
E-db	Source/DataBaseServer/_Oranze Library/url.cpp	184	3621	covered	Round 837 SHA-256 identical to LoginServer/_Oranze Library/url.cpp; full source read Round 836
E-db	Source/DataBaseServer/_Oranze Library/url.h	44	703	covered	Round 837 SHA-256 identical to LoginServer/_Oranze Library/url.h; full source read Round 836
E-db	Source/DataBaseServer/_Oranze Library/util.cpp	63	988	covered	Round 837 SHA-256 identical to LoginServer/_Oranze Library/util.cpp; full source read Round 836
E-db	Source/DataBaseServer/_Oranze Library/util.h	43	719	covered	Round 837 SHA-256 identical to LoginServer/_Oranze Library/util.h; full source read Round 836
E-db	Source/DataBaseServer/_Oranze Library/uucp.cpp	108	1940	covered	Round 837 SHA-256 identical to LoginServer/_Oranze Library/uucp.cpp; full source read Round 836
E-db	Source/DataBaseServer/_Oranze Library/uucp.h	27	450	covered	Round 837 SHA-256 identical to LoginServer/_Oranze Library/uucp.h; full source read Round 836
E-db	Source/DataBaseServer/_Oranze Library/vector.h	157	2703	covered	Round 837 SHA-256 identical to LoginServer/_Oranze Library/vector.h; full source read Round 836
E-db	Source/DataBaseServer/_Oranze Library/vtimage.cpp	963	21754	covered	Round 837 SHA-256 identical to LoginServer/_Oranze Library/vtimage.cpp; full source read Round 836
E-db	Source/DataBaseServer/_Oranze Library/vtimage.h	148	3325	covered	Round 837 SHA-256 identical to LoginServer/_Oranze Library/vtimage.h; full source read Round 836
E-db	Source/DataBaseServer/DBSvr/DBSvr.sln	21	899	covered	Round 837 full 1–21: VS solution Debug/Release Win32
E-db	Source/DataBaseServer/DBSvr/DBSvr.vcproj	531	13738	covered	Round 837 full 1–531: VS 7.10 Win32 app; compiles Common SQL/wire and selected IOCP source, links _Oranze Library.lib
E-db	Source/DataBaseServer/DBSvr/dbsvrwnd.cpp	164	4145	covered	Round 837 full 1–164: config load/autostart, service UI lifecycle, CDBServer/pool accessors
E-db	Source/DataBaseServer/DBSvr/dbsvrwnd.h	48	833	covered	Round 837 full 1–48: CDBSvrWnd state/API and UI log colors
E-db	Source/DataBaseServer/DBSvr/dlgcfg.cpp	216	7336	covered	Round 837 full 1–216: DBSvr.ini load/write (including plaintext ODBC credentials), defaults and port keys
E-db	Source/DataBaseServer/DBSvr/dlgcfg.h	57	950	covered	Round 837 full 1–57: SCFG and configuration-dialog interface
E-db	Source/DataBaseServer/DBSvr/mir2dbhandler.cpp	177	2958	covered	Round 837 full 1–177: CPU×8 ODBC pool, round-robin allocation, reconnect lifecycle
E-db	Source/DataBaseServer/DBSvr/mir2dbhandler.h	42	700	covered	Round 837 full 1–42: connection-slot and pool state/API
E-db	Source/DataBaseServer/DBSvr/mir2wnd.cpp	428	9597	covered	Round 837 full 1–428: Win32 message loop, log/list view, window dispatch
E-db	Source/DataBaseServer/DBSvr/mir2wnd.h	89	1842	covered	Round 837 full 1–89: base window and virtual lifecycle API
E-db	Source/DataBaseServer/DBSvr/msgfilter.cpp	70	991	covered	Round 837 full 1–70: badid.txt loader and character replacement filter
E-db	Source/DataBaseServer/DBSvr/msgfilter.h	28	387	covered	Round 837 full 1–28: 1024-entry fixed filter storage
E-db	Source/DataBaseServer/DBSvr/netdbserver.cpp	765	17209	covered	Round 837 full 1–765: startup, ODBC pools, LoginServer reconnect, GS/RunGate accept, admission/map routing
E-db	Source/DataBaseServer/DBSvr/netdbserver.h	123	2918	covered	Round 837 full 1–123: CDBServer topology, timer/config/list state/API
E-db	Source/DataBaseServer/DBSvr/netgameserver.cpp	2222	58637	covered	Round 837 full 1–2222: DB_* dispatch, record load/save, friend/tag/relationship stored procedures, ODBC/SQL write paths
E-db	Source/DataBaseServer/DBSvr/netgameserver.h	90	3770	covered	Round 837 full 1–90: CGameServer handler and save/load helper API
E-db	Source/DataBaseServer/DBSvr/netloginserver.cpp	220	4363	covered	Round 837 full 1–220: ISM admission, user count, public key and reconnect-facing handlers
E-db	Source/DataBaseServer/DBSvr/netloginserver.h	48	896	covered	Round 837 full 1–48: LoginServer wire API
E-db	Source/DataBaseServer/DBSvr/netrungate.cpp	1137	25967	covered	Round 837 full 1–1137: character query/create/soft-delete/select, gate relay parsing and responses
E-db	Source/DataBaseServer/DBSvr/netrungate.h	83	1713	covered	Round 837 full 1–83: gate-user session flags and handler API
E-db	Source/DataBaseServer/DBSvr/protocol.h	112	3655	covered	Round 837 full 1–112: Login/GS/RunGate packet IDs and packed session structures
E-db	Source/DataBaseServer/DBSvr/tablesdefine.cpp	595	25983	covered	Round 837 full 1–595: 11 arrays/175 active field descriptors; extraction fixed for inline first fields and excludes // comments
E-db	Source/DataBaseServer/DBSvr/tablesdefine.h	412	9155	covered	Round 837 full 1–412: packed FDBRecord/player structs, sizes, table and conversion API
E-db	Source/DataBaseServer/DBSvr/Res/resource.h	38	1471	covered	Round 837 full 1–38: configuration controls and service command IDs
E-db	Source/DataBaseServer/Common/endecode.cpp	382	11764	covered	Round 837 SHA-256 identical to LoginServer/Common/endecode.cpp; full source read Round 835
E-db	Source/DataBaseServer/Common/endecode.h	87	2085	covered	Round 837 SHA-256 identical to LoginServer/Common/endecode.h; full source read Round 835
E-db	Source/DataBaseServer/Common/mir2packet.cpp	110	2056	covered	Round 837 full 1–110: unlike LoginServer copy, maximum-size guards are commented/absent in all three Attach paths
E-db	Source/DataBaseServer/Common/mir2packet.h	41	713	covered	Round 837 SHA-256 identical to LoginServer/Common/mir2packet.h; full source read Round 835
E-db	Source/DataBaseServer/Common/sqlhandler.cpp	444	11282	covered	Round 837 full 1–444: SQL generation from raw strings/packed fields; UPDATE builders omit assignment commas and mishandle DAT buffer
E-db	Source/DataBaseServer/Common/sqlhandler.h	38	954	covered	Round 837 full 1–38: SQL/table types STR/INT/DAT/DBL and fIsKey/field-size contracts
C-common	Source/Common/DES.pas	563	16649	covered	Round 824 DecryBuffer 定位(.Lib 加密用); Round 938 full 1–563 (CP949): 教科书标准 DES(IP/IP⁻¹/E/P/S盒/PC-1/PC-2 + makeKey bitDisplace 16 轮子密钥 + desData 16 轮 Feistel, 纯 ECB 无密钥派生); EncryStr/DecryStr/EncryStrHex/DecryStrHex/EncryBuffer/DecryBuffer; 静态缺陷: EncryBuffer:349 分块长度 nSourceLen+(8-nSourceLen mod 8) 对 8 倍数入参多加一整块(被 nDestLen 边界掩盖), DecryBuffer 不补块且两者写满即 Exit 无返回值, EncryStr 禁末字节 NUL 却又用 NUL 补齐(有损), 密钥规约两套不一致(buffer 取 7 字节 / string 补齐 8); .Lib 接线 wmMyImage:235 对 7 字节 sEnStr 读 8 字节(第 8 字节落在 nVer), 写入端布局未核实; :306/:310/:321 门 FCanEncry and (FPassword='') 与 :233 互斥为死代码; ImageEditor/Common/DES.pas 同一实现(Round 884); no Delphi/runtime/EI comparison
C-common	Source/Common/EDCode.pas	539	17672	covered	Round 803 线格式 + Round 812 破译 WEMADE 加密（Decrypt）
C-common	Source/Common/GList.pas	547	14813	covered	Round 916 full read: lock-wrapper lists, TQuickList binary/order and one-item duplicate result; grouped TQuickIDList bounds/ownership edges; no GList-defined class callers, only import is unlinked DrawHint; MudUtil TQuickList copies are distinct
C-common	Source/Common/Grobal2 - 副本.pas	2599	96162	covered	Round 803 三表 diff
C-common	Source/Common/Grobal2.pas	2862	105217	covered	Round 802/803/820: 474 常量 + QI_/QA_ opcode 表 + ET_ 命名空间
C-common	Source/Common/HUtil32.pas	2214	60031	covered	Round 917 full CP949 read: shared parser/string/file/GDI/pointer/date helpers; zero-based string indexing, sign/escape/date/file-copy boundaries; Mir3/MapEdit map Common path, GameServer HUtil32 resolution unverified
C-common	Source/Common/HashTable.pas	319	7049	covered	Round 918 full read: fixed chained buckets; Count is capacity; IndexOf is hash slot only; duplicate setters/Add and unset Boolean result; no Pascal callers or project map, separate C++ hash APIs
C-common	Source/Common/MfdbDef.pas	1192	38265	covered	Round 919 full read: conditional packed FDB records; Common copy selected by Server_JOB_ItemGen/RunDB character path; raw .db/.idx TFileDB has no external caller and is not mapped to EI System.db/Users.db; index/I/O/CRUD defects
C-common	Source/Common/Scanf.pas	256	6006	covered	Round 920/921 full reads: unlinked scanf-like parser; literals skip without matching, unchecked input/string-array bounds and numeric conversion exceptions; exact body duplicate of SscanfUtil except unit declaration; no active caller or project map
C-common	Source/Common/SscanfUtil.pas	256	6011	covered	Round 921 full read: complete body identical to Scanf.pas except unit declaration; same parser bounds/literal/conversion defects; neither unit mapped or actively called
C-common	Source/Common/ZLibEx.pas	726	21853	covered	Round 922 full read: zlib 1.0.4 stream/buffer wrappers; Z-helper allocations commented and errors swallowed; EOF/truncation, error-class, reset-position and cleanup defects; Client wmM3Zip calls DecompressBuf but Common copy resolution unverified
C-common	Source/Common/ZLibx.pas	733	21557	covered	Round 923 full read: ZLibx functional implementation matches ZLibEx except unit name/formatting; same buffer/stream defects; no project map, imports, or callers; ImageEditor Common copy remains distinct
C-common	Source/Common/bass.pas	1021	52162	covered	Round 924 full read: BASS 2.4 external API surface with platform libraries/calling conventions, callback/record declarations, speaker and Windows EAX helpers; Client BASS calls do not resolve this unit because Mir3.dpr lacks explicit Bass source mapping; ImageEditor same-name binding/payload separate; no ABI or runtime validation
C-common	Source/Common/mudutil.pas	1009	26358	covered	Round 925 full read: Server_JOB_ItemGen explicitly maps Common unit and GameServer helper paths; final-row list validation defect; CalcDay ignores leap years; QuickList singleton-duplicate success edge is guarded by mute caller; QuickIdList mis-groups lower-bound duplicates and lacks destructor but has no caller; abuse text transform uncalled; SafeLoadFromFile leaves global FileMode=0
E-login	Source/LoginServer/_Oranze Library/_Oranze Library.sln	21	919	covered	Round 836 full 1–21: VS solution maps Debug/Release to Win32
E-login	Source/LoginServer/_Oranze Library/_Oranze Library.vcproj	651	15488	covered	Round 836 full 1–651: VS 7.10 static-library settings, source/header inventory, Win32 Debug/Release
E-login	Source/LoginServer/_Oranze Library/astar.h	426	8521	covered	Round 836 full 1–426: A* open/closed/successor ownership and path reconstruction
E-login	Source/LoginServer/_Oranze Library/base64.cpp	131	2624	covered	Round 836 full 1–131: Base64 encode/decode, whitespace/padding handling
E-login	Source/LoginServer/_Oranze Library/base64.h	35	647	covered	Round 836 full 1–35: allocation-owning Base64 API
E-login	Source/LoginServer/_Oranze Library/bstree.h	478	9355	covered	Round 836 full 1–478: pointer BST insert/remove/traversal/search
E-login	Source/LoginServer/_Oranze Library/codebase.cpp	302	4471	covered	Round 836 full 1–302: Sequiter CodeBase lifecycle, record/index, field wrappers and mutators
E-login	Source/LoginServer/_Oranze Library/codebase.h	121	2211	covered	Round 836 full 1–121: CodeBase field/index types and API
E-login	Source/LoginServer/_Oranze Library/database.cpp	508	9146	covered	Round 836 full 1–508: ODBC3 environment, connection transactions, statement/column binding and fetch
E-login	Source/LoginServer/_Oranze Library/database.h	143	2411	covered	Round 836 full 1–143: ODBC database/connection/recordset contracts
E-login	Source/LoginServer/_Oranze Library/datatype.h	13	191	covered	Round 836 full 1–13: byte/ushort/uint/ulong aliases
E-login	Source/LoginServer/_Oranze Library/datelog.cpp	91	1615	covered	Round 836 full 1–91: date rollover, timestamped daily append log
E-login	Source/LoginServer/_Oranze Library/datelog.h	37	510	covered	Round 836 full 1–37: CDateLog interface/state
E-login	Source/LoginServer/_Oranze Library/error.cpp	35	449	covered	Round 836 full 1–35: CError message and OutputDebugString formatter
E-login	Source/LoginServer/_Oranze Library/error.h	32	347	covered	Round 836 full 1–32: exception/error API
E-login	Source/LoginServer/_Oranze Library/file.cpp	92	1160	covered	Round 836 full 1–92: stdio file wrapper, read/write/length/existence helpers
E-login	Source/LoginServer/_Oranze Library/file.h	35	596	covered	Round 836 full 1–35: CFile API
E-login	Source/LoginServer/_Oranze Library/fsa.h	141	2269	covered	Round 836 full 1–141: fixed-block free list allocator; Init/free-list bounds reviewed
E-login	Source/LoginServer/_Oranze Library/http.cpp	960	20626	covered	Round 836 full 1–960: GET/POST/multipart, cookies, redirect, receive/file paths
E-login	Source/LoginServer/_Oranze Library/http.h	182	4353	covered	Round 836 full 1–182: HTTP status/callback/request API
E-login	Source/LoginServer/_Oranze Library/imsgfmt.cpp	82	1768	covered	Round 836 full 1–82: case-insensitive header/name parsing and folded continuation values
E-login	Source/LoginServer/_Oranze Library/imsgfmt.h	24	403	covered	Round 836 full 1–24: internet-message query API
E-login	Source/LoginServer/_Oranze Library/indexmap.h	107	1920	covered	Round 836 full 1–107: hash-map plus insertion-order traversal list
E-login	Source/LoginServer/_Oranze Library/list.h	423	6980	covered	Round 836 full 1–423: doubly linked pointer list, compare/remove/swap ownership
E-login	Source/LoginServer/_Oranze Library/mail.cpp	172	2783	covered	Round 836 full 1–172: MIME header/body/attachment extraction
E-login	Source/LoginServer/_Oranze Library/mail.h	77	1351	covered	Round 836 full 1–77: parsed mail and attachment cursor API
E-login	Source/LoginServer/_Oranze Library/map.h	236	4512	covered	Round 836 full 1–236: string-sum hash buckets backed by BST
E-login	Source/LoginServer/_Oranze Library/mime.cpp	626	12444	covered	Round 836 full 1–626: MIME encode/decode, multipart recursion and transfer decoding
E-login	Source/LoginServer/_Oranze Library/mime.h	131	2543	covered	Round 836 full 1–131: MIME item/encoder/decoder contracts
E-login	Source/LoginServer/_Oranze Library/netbase.cpp	180	3661	covered	Round 836 full 1–180: Winsock base and address parsing/comparison
E-login	Source/LoginServer/_Oranze Library/netbase.h	64	1311	covered	Round 836 full 1–64: CNetBase/CSockAddr API, Winsock 2.2
E-login	Source/LoginServer/_Oranze Library/netiocp.cpp	1045	22074	covered	Round 836 full 1–1045: overlapped send/receive, worker/accept/connect/dispatcher lifecycle
E-login	Source/LoginServer/_Oranze Library/netiocp.h	208	4942	covered	Round 836 full 1–208: IOCP object/operation contracts and 32KiB cap
E-login	Source/LoginServer/_Oranze Library/nettcp.cpp	331	6567	covered	Round 836 full 1–331: nonblocking TCP select thread, queued send and stream receive
E-login	Source/LoginServer/_Oranze Library/nettcp.h	101	2307	covered	Round 836 full 1–101: TCP status and packet API
E-login	Source/LoginServer/_Oranze Library/netudp.cpp	629	13868	covered	Round 836 full 1–629: indexed UDP queues, ACK/retry, polling and IO thread
E-login	Source/LoginServer/_Oranze Library/netudp.h	190	4597	covered	Round 836 full 1–190: UDP packet/host/handler contract and retransmission constants
E-login	Source/LoginServer/_Oranze Library/pop3.cpp	309	6571	covered	Round 836 full 1–309: POP3 connect/auth, UIDL/list/retrieve/delete/quit
E-login	Source/LoginServer/_Oranze Library/pop3.h	81	1501	covered	Round 836 full 1–81: POP3 command/status/list API
E-login	Source/LoginServer/_Oranze Library/pqueue.h	210	3954	covered	Round 836 full 1–210: binary-heap priority queue and indexed dequeue
E-login	Source/LoginServer/_Oranze Library/prime.cpp	37	483	covered	Round 836 full 1–37: integer primality and round-up/down helpers
E-login	Source/LoginServer/_Oranze Library/prime.h	25	327	covered	Round 836 full 1–25: prime helper API
E-login	Source/LoginServer/_Oranze Library/queue.h	50	689	covered	Round 836 full 1–50: CList-backed FIFO queue
E-login	Source/LoginServer/_Oranze Library/quotedpr.cpp	150	2889	covered	Round 836 full 1–150: quoted-printable encoding/decoding
E-login	Source/LoginServer/_Oranze Library/quotedpr.h	29	557	covered	Round 836 full 1–29: quoted-printable API
E-login	Source/LoginServer/_Oranze Library/registry.cpp	92	1731	covered	Round 836 full 1–92: HKLM registry create/query/write helpers
E-login	Source/LoginServer/_Oranze Library/registry.h	44	635	covered	Round 836 full 1–44: registry wrapper API
E-login	Source/LoginServer/_Oranze Library/script.cpp	144	2576	covered	Round 836 full 1–144: key/value script parser for bound int/string/array entries
E-login	Source/LoginServer/_Oranze Library/script.h	64	1095	covered	Round 836 full 1–64: script node/array storage and parse limits
E-login	Source/LoginServer/_Oranze Library/slist.h	23	263	covered	Round 836 full 1–23: critical-section-locked CList subtype
E-login	Source/LoginServer/_Oranze Library/squeue.h	23	269	covered	Round 836 full 1–23: critical-section-locked CQueue subtype
E-login	Source/LoginServer/_Oranze Library/stack.h	50	663	covered	Round 836 full 1–50: CList-backed LIFO stack
E-login	Source/LoginServer/_Oranze Library/streambf.h	114	1918	covered	Round 836 full 1–114: realloc-backed stream append/remove buffer
E-login	Source/LoginServer/_Oranze Library/stringex.cpp	405	5916	covered	Round 836 full 1–405: bstr storage/operators and string/trim/split helpers
E-login	Source/LoginServer/_Oranze Library/stringex.h	71	1503	covered	Round 836 full 1–71: bstr/string-helper contracts
E-login	Source/LoginServer/_Oranze Library/syncobj.cpp	56	773	covered	Round 836 full 1–56: critical-section and named-mutex operations
E-login	Source/LoginServer/_Oranze Library/syncobj.h	42	591	covered	Round 836 full 1–42: CIntLock/CInpLock aliases
E-login	Source/LoginServer/_Oranze Library/url.cpp	184	3621	covered	Round 836 full 1–184: URL split/encode/decode/query extraction
E-login	Source/LoginServer/_Oranze Library/url.h	44	703	covered	Round 836 full 1–44: URL item and codec API
E-login	Source/LoginServer/_Oranze Library/util.cpp	63	988	covered	Round 836 full 1–63: hex conversion functions
E-login	Source/LoginServer/_Oranze Library/util.h	43	719	covered	Round 836 full 1–43: arithmetic/hex utility macros/templates
E-login	Source/LoginServer/_Oranze Library/uucp.cpp	108	1940	covered	Round 836 full 1–108: UUencoded file detection and decode
E-login	Source/LoginServer/_Oranze Library/uucp.h	27	450	covered	Round 836 full 1–27: decoder API only; encoder intentionally absent
E-login	Source/LoginServer/_Oranze Library/vector.h	157	2703	covered	Round 836 full 1–157: HeapAlloc/HeapReAlloc pointer vector and clear
E-login	Source/LoginServer/_Oranze Library/vtimage.cpp	963	21754	covered	Round 836 full 1–963: Victor image wrapper load/save/edit/palette/error paths
E-login	Source/LoginServer/_Oranze Library/vtimage.h	148	3325	covered	Round 836 full 1–148: image API and wrapper state
E-login	Source/LoginServer/Common/endecode.cpp	382	11764	covered	Round 835 full 1–382: active 6bit/key/position XOR path, global key switching, in-place source mutation, legacy routines inactive; DataBaseServer duplicate and Delphi behavioral comparison remain separate
E-login	Source/LoginServer/Common/endecode.h	87	2085	covered	Round 835 full 1–87: wire structs, 22-char encoded block, key APIs, encode/decode contracts
E-login	Source/LoginServer/Common/mir2packet.cpp	110	2056	covered	Round 835 full 1–110: heap packet growth, text/numeric/encoded attach; encoded attach delegates mutating encoder
E-login	Source/LoginServer/Common/mir2packet.h	41	713	covered	Round 835 full 1–41: packet caps and attach API
E-login	Source/LoginServer/LoginServer/LoginSvr.sln	21	905	covered	Round 835 full 1–21: VS solution Debug/Release Win32 mappings
E-login	Source/LoginServer/LoginServer/LoginSvr.vcproj	475	12287	covered	Round 835 full 1–475: VS 7.10 Win32 configs, app/common source membership, Oranze library linkage
E-login	Source/LoginServer/LoginServer/dbtable.h	33	336	covered	Round 835 full 1–33: server/public IP/select-gate row structures
E-login	Source/LoginServer/LoginServer/dlgcfg.cpp	208	6210	covered	Round 835 full 1–208: LoginSvr.ini load/save and config dialog lifecycle
E-login	Source/LoginServer/LoginServer/dlgcfg.h	54	952	covered	Round 835 full 1–54: ODBC credentials/ports config structure and dialog API
E-login	Source/LoginServer/LoginServer/loginsvrwnd.cpp	565	11452	covered	Round 835 full 1–565: service UI, config/reload/timers, OnInitDB writes PC-room IP tables (not invoked)
E-login	Source/LoginServer/LoginServer/loginsvrwnd.h	57	1280	covered	Round 835 full 1–57: Login UI state, CLoginSvr ownership, helper APIs
E-login	Source/LoginServer/LoginServer/mir2dbhandler.cpp	109	1635	covered	Round 835 full 1–109: ODBC pool startup/cleanup/linear lock-protected allocation
E-login	Source/LoginServer/LoginServer/mir2dbhandler.h	36	563	covered	Round 835 full 1–36: pool connection record and API
E-login	Source/LoginServer/LoginServer/mir2wnd.cpp	437	9876	covered	Round 835 full 1–437: Win32 window/message loop, UI/timer dispatch, async log display
E-login	Source/LoginServer/LoginServer/mir2wnd.h	91	1944	covered	Round 835 full 1–91: base window state, callbacks and service UI virtual hooks
E-login	Source/LoginServer/LoginServer/netUdpsender.cpp	50	1352	covered	Round 835 full 1–50: datagram socket and three-recipient send routine
E-login	Source/LoginServer/LoginServer/netUdpsender.h	40	599	covered	Round 835 full 1–40: UDP sender API and port 9999
E-login	Source/LoginServer/LoginServer/netcheckserver.cpp	97	1845	covered	Round 835 full 1–97: status serialization from game-server counts/last tick/error flag; no inbound payloads
E-login	Source/LoginServer/LoginServer/netcheckserver.h	34	597	covered	Round 835 full 1–34: check channel send-only interface
E-login	Source/LoginServer/LoginServer/netgameserver.cpp	833	20911	covered	Round 820 dispatch table; Round 835 full 1–833: seven ISM handlers, counts/cert/account/premium/event paths and packet framing
E-login	Source/LoginServer/LoginServer/netgameserver.h	66	1488	covered	Round 835 full 1–66: channel state, send/receive methods and count persistence
E-login	Source/LoginServer/LoginServer/netlogingate.cpp	1217	35818	covered	Round 802 dispatch table; Round 835 full 1–1217: key handshake, credentials/billing, server selection, framed input validation and version gate
E-login	Source/LoginServer/LoginServer/netlogingate.h	139	2853	covered	Round 835 full 1–139: gate user billing/session fields and login message API
E-login	Source/LoginServer/LoginServer/netloginsvr.cpp	1150	29216	covered	Round 835 full 1–1150: startup/listeners/DB table load/timers/cert lifecycle/count logs/expiry and duplicate-IP routines
E-login	Source/LoginServer/LoginServer/netloginsvr.h	147	3339	covered	Round 835 full 1–147: certification/server records, IOCP listeners, ODBC pools and service API
E-login	Source/LoginServer/LoginServer/protocol.h	42	1066	covered	Round 803 opcode table
E-login	Source/LoginServer/LoginServer/Res/resource.h	41	1614	covered	Round 835 full 1–41: Login UI/resource identifiers and aliased numeric IDs
