array	table_hint	field	type	primary	size	src_line
__CHAR_INFOFIELDS	TBL_CHAR_INFO	FLD_CHARACTER	TABLETYPE_STR	true	20	7
__CHAR_INFOFIELDS	TBL_CHAR_INFO	FLD_SERVERNAME	TABLETYPE_STR	false	9	8
__CHAR_INFOFIELDS	TBL_CHAR_INFO	FLD_JOB	TABLETYPE_INT	false	4	9
__CHAR_INFOFIELDS	TBL_CHAR_INFO	FLD_SEX	TABLETYPE_INT	false	4	10
__ABILITYFIELDS	TBL_ABILITY	FLD_LEVEL	TABLETYPE_INT	false	4	14
__ABILITYFIELDS	TBL_ABILITY	FLD_RESERVED1	TABLETYPE_INT	false	4	15
__ABILITYFIELDS	TBL_ABILITY	FLD_AC	TABLETYPE_INT	false	4	16
__ABILITYFIELDS	TBL_ABILITY	FLD_MAC	TABLETYPE_INT	false	4	17
__ABILITYFIELDS	TBL_ABILITY	FLD_DC	TABLETYPE_INT	false	4	18
__ABILITYFIELDS	TBL_ABILITY	FLD_MC	TABLETYPE_INT	false	4	19
__ABILITYFIELDS	TBL_ABILITY	FLD_SC	TABLETYPE_INT	false	4	20
__ABILITYFIELDS	TBL_ABILITY	FLD_HP	TABLETYPE_INT	false	4	21
__ABILITYFIELDS	TBL_ABILITY	FLD_MP	TABLETYPE_INT	false	4	22
__ABILITYFIELDS	TBL_ABILITY	FLD_MAXHP	TABLETYPE_INT	false	4	23
__ABILITYFIELDS	TBL_ABILITY	FLD_MAXMP	TABLETYPE_INT	false	4	24
__ABILITYFIELDS	TBL_ABILITY	FLD_EXP	TABLETYPE_INT	false	4	25
__ABILITYFIELDS	TBL_ABILITY	FLD_MAXEXP	TABLETYPE_INT	false	4	26
__ABILITYFIELDS	TBL_ABILITY	FLD_WEIGHT	TABLETYPE_INT	false	4	27
__ABILITYFIELDS	TBL_ABILITY	FLD_MAXWEIGHT	TABLETYPE_INT	false	4	28
__ABILITYFIELDS	TBL_ABILITY	FLD_WEARWEIGHT	TABLETYPE_INT	false	4	29
__ABILITYFIELDS	TBL_ABILITY	FLD_MAXWEARWEIGHT	TABLETYPE_INT	false	4	30
__ABILITYFIELDS	TBL_ABILITY	FLD_HANDWEIGHT	TABLETYPE_INT	false	4	31
__ABILITYFIELDS	TBL_ABILITY	FLD_MAXHANDWEIGHT	TABLETYPE_INT	false	4	32
__ABILITYFIELDS	TBL_ABILITY	FLD_ATOMFIRE_MC	TABLETYPE_INT	false	4	33
__ABILITYFIELDS	TBL_ABILITY	FLD_ATOMICE_MC	TABLETYPE_INT	false	4	34
__ABILITYFIELDS	TBL_ABILITY	FLD_ATOMLIGHT_MC	TABLETYPE_INT	false	4	35
__ABILITYFIELDS	TBL_ABILITY	FLD_ATOMWIND_MC	TABLETYPE_INT	false	4	36
__ABILITYFIELDS	TBL_ABILITY	FLD_ATOMHOLY_MC	TABLETYPE_INT	false	4	37
__ABILITYFIELDS	TBL_ABILITY	FLD_ATOMDARK_MC	TABLETYPE_INT	false	4	38
__ABILITYFIELDS	TBL_ABILITY	FLD_ATOMPHANTOM_MC	TABLETYPE_INT	false	4	39
__ABILITYFIELDS	TBL_ABILITY	FLD_ATOMFIRE_MAC	TABLETYPE_INT	false	4	40
__ABILITYFIELDS	TBL_ABILITY	FLD_ATOMICE_MAC	TABLETYPE_INT	false	4	41
__ABILITYFIELDS	TBL_ABILITY	FLD_ATOMLIGHT_MAC	TABLETYPE_INT	false	4	42
__ABILITYFIELDS	TBL_ABILITY	FLD_ATOMWIND_MAC	TABLETYPE_INT	false	4	43
__ABILITYFIELDS	TBL_ABILITY	FLD_ATOMHOLY_MAC	TABLETYPE_INT	false	4	44
__ABILITYFIELDS	TBL_ABILITY	FLD_ATOMDARK_MAC	TABLETYPE_INT	false	4	45
__ABILITYFIELDS	TBL_ABILITY	FLD_ATOMPHANTOM_MAC	TABLETYPE_INT	false	4	46
__BONUSABILITYFIELDS	TBL_BONUSABILITY	FLD_DC	TABLETYPE_INT	false	0	50
__BONUSABILITYFIELDS	TBL_BONUSABILITY	FLD_MC	TABLETYPE_INT	false	0	51
__BONUSABILITYFIELDS	TBL_BONUSABILITY	FLD_SC	TABLETYPE_INT	false	0	52
__BONUSABILITYFIELDS	TBL_BONUSABILITY	FLD_AC	TABLETYPE_INT	false	0	53
__BONUSABILITYFIELDS	TBL_BONUSABILITY	FLD_MAC	TABLETYPE_INT	false	0	54
__BONUSABILITYFIELDS	TBL_BONUSABILITY	FLD_HP	TABLETYPE_INT	false	0	55
__BONUSABILITYFIELDS	TBL_BONUSABILITY	FLD_MP	TABLETYPE_INT	false	0	56
__BONUSABILITYFIELDS	TBL_BONUSABILITY	FLD_HIT	TABLETYPE_INT	false	0	57
__BONUSABILITYFIELDS	TBL_BONUSABILITY	FLD_SPEED	TABLETYPE_INT	false	0	58
__BONUSABILITYFIELDS	TBL_BONUSABILITY	FLD_RESERVED	TABLETYPE_INT	false	0	59
__CHARACTERFIELDS	TBL_CHARACTER	FLD_USERID	TABLETYPE_STR	true	20	63
__CHARACTERFIELDS	TBL_CHARACTER	FLD_DELETED	TABLETYPE_INT	false	4	64
__CHARACTERFIELDS	TBL_CHARACTER	FLD_UPDATEDATETIME	TABLETYPE_DAT	false	0	65
__CHARACTERFIELDS	TBL_CHARACTER	FLD_DBVERSION	TABLETYPE_INT	false	4	66
__CHARACTERFIELDS	TBL_CHARACTER	FLD_MAPNAME	TABLETYPE_STR	false	20	67
__CHARACTERFIELDS	TBL_CHARACTER	FLD_CX	TABLETYPE_INT	false	4	68
__CHARACTERFIELDS	TBL_CHARACTER	FLD_CY	TABLETYPE_INT	false	4	69
__CHARACTERFIELDS	TBL_CHARACTER	FLD_DIR	TABLETYPE_INT	false	4	70
__CHARACTERFIELDS	TBL_CHARACTER	FLD_HAIR	TABLETYPE_INT	false	4	71
__CHARACTERFIELDS	TBL_CHARACTER	FLD_HAIRCOLORR	TABLETYPE_INT	false	4	72
__CHARACTERFIELDS	TBL_CHARACTER	FLD_HAIRCOLORG	TABLETYPE_INT	false	4	73
__CHARACTERFIELDS	TBL_CHARACTER	FLD_HAIRCOLORB	TABLETYPE_INT	false	4	74
__CHARACTERFIELDS	TBL_CHARACTER	FLD_SEX	TABLETYPE_INT	false	4	75
__CHARACTERFIELDS	TBL_CHARACTER	FLD_JOB	TABLETYPE_INT	false	4	76
__CHARACTERFIELDS	TBL_CHARACTER	FLD_LEVEL	TABLETYPE_INT	false	4	77
__CHARACTERFIELDS	TBL_CHARACTER	FLD_HP	TABLETYPE_INT	false	4	78
__CHARACTERFIELDS	TBL_CHARACTER	FLD_MP	TABLETYPE_INT	false	4	79
__CHARACTERFIELDS	TBL_CHARACTER	FLD_EXP	TABLETYPE_INT	false	4	80
__CHARACTERFIELDS	TBL_CHARACTER	FLD_GOLD	TABLETYPE_INT	false	4	81
__CHARACTERFIELDS	TBL_CHARACTER	FLD_HOMEMAP	TABLETYPE_STR	false	20	82
__CHARACTERFIELDS	TBL_CHARACTER	FLD_HOMEX	TABLETYPE_INT	false	4	83
__CHARACTERFIELDS	TBL_CHARACTER	FLD_HOMEY	TABLETYPE_INT	false	4	84
__CHARACTERFIELDS	TBL_CHARACTER	FLD_PKPOINT	TABLETYPE_INT	false	4	85
__CHARACTERFIELDS	TBL_CHARACTER	FLD_ALLOWPARTY	TABLETYPE_INT	false	4	86
__CHARACTERFIELDS	TBL_CHARACTER	FLD_FREEGULITYCOUNT	TABLETYPE_INT	false	4	87
__CHARACTERFIELDS	TBL_CHARACTER	FLD_ATTACKMODE	TABLETYPE_INT	false	4	88
__CHARACTERFIELDS	TBL_CHARACTER	FLD_FIGHTZONEDIE	TABLETYPE_INT	false	4	89
__CHARACTERFIELDS	TBL_CHARACTER	FLD_BODYLUCK	TABLETYPE_DBL	false	8	90
__CHARACTERFIELDS	TBL_CHARACTER	FLD_INCHEALTH	TABLETYPE_INT	false	4	91
__CHARACTERFIELDS	TBL_CHARACTER	FLD_INCSPELL	TABLETYPE_INT	false	4	92
__CHARACTERFIELDS	TBL_CHARACTER	FLD_INCHEALING	TABLETYPE_INT	false	4	93
__CHARACTERFIELDS	TBL_CHARACTER	FLD_BONUSAPPLY	TABLETYPE_INT	false	4	94
__CHARACTERFIELDS	TBL_CHARACTER	FLD_BONUSPOINT	TABLETYPE_INT	false	4	95
__CHARACTERFIELDS	TBL_CHARACTER	FLD_HUNGRYSTATE	TABLETYPE_INT	false	4	96
__CHARACTERFIELDS	TBL_CHARACTER	FLD_TESTSERVERRESETCOUNT	TABLETYPE_INT	false	4	97
__CHARACTERFIELDS	TBL_CHARACTER	FLD_CGHUSETIME	TABLETYPE_INT	false	4	98
__CHARACTERFIELDS	TBL_CHARACTER	FLD_ENABLEGRECALL	TABLETYPE_INT	false	4	99
__CHARACTERFIELDS	TBL_CHARACTER	FLD_BYTES_1	TABLETYPE_STR	false	3	100
__CHARACTERFIELDS	TBL_CHARACTER	FLD_HORSERACE	TABLETYPE_INT	false	4	101
__CHARACTERFIELDS	TBL_CHARACTER	FLD_FAMECUR	TABLETYPE_INT	false	4	111
__CHARACTERFIELDS	TBL_CHARACTER	FLD_FAMEBASE	TABLETYPE_INT	false	4	112
__CURRENTABILITYFIELDS	TBL_CURRENTABILITY	FLD_DC	TABLETYPE_INT	false	0	116
__CURRENTABILITYFIELDS	TBL_CURRENTABILITY	FLD_MC	TABLETYPE_INT	false	0	117
__CURRENTABILITYFIELDS	TBL_CURRENTABILITY	FLD_SC	TABLETYPE_INT	false	0	118
__CURRENTABILITYFIELDS	TBL_CURRENTABILITY	FLD_AC	TABLETYPE_INT	false	0	119
__CURRENTABILITYFIELDS	TBL_CURRENTABILITY	FLD_MAC	TABLETYPE_INT	false	0	120
__CURRENTABILITYFIELDS	TBL_CURRENTABILITY	FLD_HP	TABLETYPE_INT	false	0	121
__CURRENTABILITYFIELDS	TBL_CURRENTABILITY	FLD_MP	TABLETYPE_INT	false	0	122
__CURRENTABILITYFIELDS	TBL_CURRENTABILITY	FLD_HIT	TABLETYPE_INT	false	0	123
__CURRENTABILITYFIELDS	TBL_CURRENTABILITY	FLD_SPEED	TABLETYPE_INT	false	0	124
__CURRENTABILITYFIELDS	TBL_CURRENTABILITY	FLD_RESERVED	TABLETYPE_INT	false	0	125
__ITEMFIELDS	TBL_ITEM	FLD_TYPE	TABLETYPE_INT	true	4	129
__ITEMFIELDS	TBL_ITEM	FLD_POS	TABLETYPE_INT	false	4	130
__ITEMFIELDS	TBL_ITEM	FLD_MAKEINDEX	TABLETYPE_INT	false	4	131
__ITEMFIELDS	TBL_ITEM	FLD_INDEX	TABLETYPE_INT	false	4	132
__ITEMFIELDS	TBL_ITEM	FLD_DURA	TABLETYPE_INT	false	4	133
__ITEMFIELDS	TBL_ITEM	FLD_DURAMAX	TABLETYPE_INT	false	4	134
__ITEMFIELDS	TBL_ITEM	FLD_DESC0	TABLETYPE_INT	false	4	135
__ITEMFIELDS	TBL_ITEM	FLD_DESC1	TABLETYPE_INT	false	4	136
__ITEMFIELDS	TBL_ITEM	FLD_DESC2	TABLETYPE_INT	false	4	137
__ITEMFIELDS	TBL_ITEM	FLD_DESC3	TABLETYPE_INT	false	4	138
__ITEMFIELDS	TBL_ITEM	FLD_DESC4	TABLETYPE_INT	false	4	139
__ITEMFIELDS	TBL_ITEM	FLD_DESC5	TABLETYPE_INT	false	4	140
__ITEMFIELDS	TBL_ITEM	FLD_DESC6	TABLETYPE_INT	false	4	141
__ITEMFIELDS	TBL_ITEM	FLD_DESC7	TABLETYPE_INT	false	4	142
__ITEMFIELDS	TBL_ITEM	FLD_DESC8	TABLETYPE_INT	false	4	143
__ITEMFIELDS	TBL_ITEM	FLD_DESC9	TABLETYPE_INT	false	4	144
__ITEMFIELDS	TBL_ITEM	FLD_DESC10	TABLETYPE_INT	false	4	145
__ITEMFIELDS	TBL_ITEM	FLD_DESC11	TABLETYPE_INT	false	4	146
__ITEMFIELDS	TBL_ITEM	FLD_DESC12	TABLETYPE_INT	false	4	147
__ITEMFIELDS	TBL_ITEM	FLD_DESC13	TABLETYPE_INT	false	4	148
__ITEMFIELDS	TBL_ITEM	FLD_COLORR	TABLETYPE_INT	false	4	149
__ITEMFIELDS	TBL_ITEM	FLD_COLORG	TABLETYPE_INT	false	4	150
__ITEMFIELDS	TBL_ITEM	FLD_COLORB	TABLETYPE_INT	false	4	151
__ITEMFIELDS	TBL_ITEM	FLD_NAMEPREFIX	TABLETYPE_STR	false	13	152
__MAGICFIELDS	TBL_MAGIC	FLD_MAGICID	TABLETYPE_INT	false	4	156
__MAGICFIELDS	TBL_MAGIC	FLD_POS	TABLETYPE_INT	false	4	157
__MAGICFIELDS	TBL_MAGIC	FLD_LEVEL	TABLETYPE_INT	false	4	158
__MAGICFIELDS	TBL_MAGIC	FLD_KEY	TABLETYPE_INT	false	4	159
__MAGICFIELDS	TBL_MAGIC	FLD_CURTRAIN	TABLETYPE_INT	false	4	160
__QUESTFIELDS	TBL_QUEST	FLD_QUESTOPENINDEX	TABLETYPE_STR	false	64	164
__QUESTFIELDS	TBL_QUEST	FLD_QUESTFININDEX	TABLETYPE_STR	false	64	165
__QUESTFIELDS	TBL_QUEST	FLD_QUEST	TABLETYPE_STR	false	256	166
__SAVEDITEMFIELDS	TBL_SAVEDITEM	FLD_MAKEINDEX	TABLETYPE_INT	false	4	170
__SAVEDITEMFIELDS	TBL_SAVEDITEM	FLD_INDEX	TABLETYPE_INT	false	4	171
__SAVEDITEMFIELDS	TBL_SAVEDITEM	FLD_DURA	TABLETYPE_INT	false	4	172
__SAVEDITEMFIELDS	TBL_SAVEDITEM	FLD_DURAMAX	TABLETYPE_INT	false	4	173
__SAVEDITEMFIELDS	TBL_SAVEDITEM	FLD_DESC0	TABLETYPE_INT	false	4	174
__SAVEDITEMFIELDS	TBL_SAVEDITEM	FLD_DESC1	TABLETYPE_INT	false	4	175
__SAVEDITEMFIELDS	TBL_SAVEDITEM	FLD_DESC2	TABLETYPE_INT	false	4	176
__SAVEDITEMFIELDS	TBL_SAVEDITEM	FLD_DESC3	TABLETYPE_INT	false	4	177
__SAVEDITEMFIELDS	TBL_SAVEDITEM	FLD_DESC4	TABLETYPE_INT	false	4	178
__SAVEDITEMFIELDS	TBL_SAVEDITEM	FLD_DESC5	TABLETYPE_INT	false	4	179
__SAVEDITEMFIELDS	TBL_SAVEDITEM	FLD_DESC6	TABLETYPE_INT	false	4	180
__SAVEDITEMFIELDS	TBL_SAVEDITEM	FLD_DESC7	TABLETYPE_INT	false	4	181
__SAVEDITEMFIELDS	TBL_SAVEDITEM	FLD_DESC8	TABLETYPE_INT	false	4	182
__SAVEDITEMFIELDS	TBL_SAVEDITEM	FLD_DESC9	TABLETYPE_INT	false	4	183
__SAVEDITEMFIELDS	TBL_SAVEDITEM	FLD_DESC10	TABLETYPE_INT	false	4	184
__SAVEDITEMFIELDS	TBL_SAVEDITEM	FLD_DESC11	TABLETYPE_INT	false	4	185
__SAVEDITEMFIELDS	TBL_SAVEDITEM	FLD_DESC12	TABLETYPE_INT	false	4	186
__SAVEDITEMFIELDS	TBL_SAVEDITEM	FLD_DESC13	TABLETYPE_INT	false	4	187
__SAVEDITEMFIELDS	TBL_SAVEDITEM	FLD_TYPE	TABLETYPE_INT	false	4	188
__SAVEDITEMFIELDS	TBL_SAVEDITEM	FLD_COLORR	TABLETYPE_INT	false	4	189
__SAVEDITEMFIELDS	TBL_SAVEDITEM	FLD_COLORG	TABLETYPE_INT	false	4	190
__SAVEDITEMFIELDS	TBL_SAVEDITEM	FLD_COLORB	TABLETYPE_INT	false	4	191
__SAVEDITEMFIELDS	TBL_SAVEDITEM	FLD_NAMEPREFIX	TABLETYPE_STR	false	13	192
__SKILLFIELDS	TBL_SKILL	FLD_SKILLINDEX	TABLETYPE_INT	false	0	196
__SKILLFIELDS	TBL_SKILL	FLD_RESERVED	TABLETYPE_INT	false	0	197
__SKILLFIELDS	TBL_SKILL	FLD_CURTRAIN	TABLETYPE_INT	false	0	198
__ITEMGIVEFIELDS	TBL_ITEMGIVE	FLD_SERVER	TABLETYPE_STR	true	20	203
__ITEMGIVEFIELDS	TBL_ITEMGIVE	FLD_CHARACTER	TABLETYPE_STR	true	20	204
__ITEMGIVEFIELDS	TBL_ITEMGIVE	FLD_FROM	TABLETYPE_STR	false	10	205
__ITEMGIVEFIELDS	TBL_ITEMGIVE	FLD_TYPE	TABLETYPE_INT	false	4	206
__ITEMGIVEFIELDS	TBL_ITEMGIVE	FLD_VALUE	TABLETYPE_INT	false	4	207
__ITEMGIVEFIELDS	TBL_ITEMGIVE	FLD_UNTIL	TABLETYPE_DAT	false	0	208
__ITEMGIVEFIELDS	TBL_ITEMGIVE	FLD_REGISTER	TABLETYPE_DAT	false	0	209
__ITEMGIVEFIELDS	TBL_ITEMGIVE	FLD_DONE	TABLETYPE_STR	true	3	210
__ITEMGIVEFIELDS	TBL_ITEMGIVE	FLD_STATUS	TABLETYPE_INT	false	4	211
